Program,Year,Period,Week Ending,Geo Level,State,State ANSI,Ag District,Ag District Code,County,County ANSI,Zip Code,Region,watershed_code,Watershed,Commodity,Data Item,Domain,Domain Category,Value,CV (%)
SURVEY,2021,YEAR,,COUNTY,GEORGIA,13,,99,OTHER COUNTIES,,,,0,,CORN,"CORN, GRAIN - YIELD, MEASURED IN BU / ACRE",TOTAL,NOT SPECIFIED,156.9,1.6
SURVEY,2021,YEAR,,COUNTY,GEORGIA,13,CENTRAL,50,BLECKLEY,23,,,0,,CORN,"CORN, GRAIN - YIELD, MEASURED IN BU / ACRE",TOTAL,NOT SPECIFIED,196.6,3.5
SURVEY,2021,YEAR,,COUNTY,GEORGIA,13,CENTRAL,50,DODGE,91,,,0,,CORN,"CORN, GRAIN - YIELD, MEASURED IN BU / ACRE",TOTAL,NOT SPECIFIED,202.7,3.7
SURVEY,2021,YEAR,,COUNTY,GEORGIA,13,CENTRAL,50,JOHNSON,167,,,0,,CORN,"CORN, GRAIN - YIELD, MEASURED IN BU / ACRE",TOTAL,NOT SPECIFIED,162.7,16.4
SURVEY,2021,YEAR,,COUNTY,GEORGIA,13,CENTRAL,50,LAURENS,175,,,0,,CORN,"CORN, GRAIN - YIELD, MEASURED IN BU / ACRE",TOTAL,NOT SPECIFIED,168.5,13.9
SURVEY,2021,YEAR,,COUNTY,GEORGIA,13,CENTRAL,50,TWIGGS,289,,,0,,CORN,"CORN, GRAIN - YIELD, MEASURED IN BU / ACRE",TOTAL,NOT SPECIFIED,164.6,12.7
SURVEY,2021,YEAR,,COUNTY,GEORGIA,13,CENTRAL,50,WASHINGTON,303,,,0,,CORN,"CORN, GRAIN - YIELD, MEASURED IN BU / ACRE",TOTAL,NOT SPECIFIED,199.8,7.1
SURVEY,2021,YEAR,,COUNTY,GEORGIA,13,EAST CENTRAL,60,BULLOCH,31,,,0,,CORN,"CORN, GRAIN - YIELD, MEASURED IN BU / ACRE",TOTAL,NOT SPECIFIED,158.8,8.6
SURVEY,2021,YEAR,,COUNTY,GEORGIA,13,EAST CENTRAL,60,BURKE,33,,,0,,CORN,"CORN, GRAIN - YIELD, MEASURED IN BU / ACRE",TOTAL,NOT SPECIFIED,203.9,3.4
SURVEY,2021,YEAR,,COUNTY,GEORGIA,13,EAST CENTRAL,60,CANDLER,43,,,0,,CORN,"CORN, GRAIN - YIELD, MEASURED IN BU / ACRE",TOTAL,NOT SPECIFIED,84,11.8
SURVEY,2021,YEAR,,COUNTY,GEORGIA,13,EAST CENTRAL,60,EMANUEL,107,,,0,,CORN,"CORN, GRAIN - YIELD, MEASURED IN BU / ACRE",TOTAL,NOT SPECIFIED,139.5,8.8
SURVEY,2021,YEAR,,COUNTY,GEORGIA,13,EAST CENTRAL,60,JEFFERSON,163,,,0,,CORN,"CORN, GRAIN - YIELD, MEASURED IN BU / ACRE",TOTAL,NOT SPECIFIED,204.9,3.6
SURVEY,2021,YEAR,,COUNTY,GEORGIA,13,EAST CENTRAL,60,SCREVEN,251,,,0,,CORN,"CORN, GRAIN - YIELD, MEASURED IN BU / ACRE",TOTAL,NOT SPECIFIED,179.7,2
SURVEY,2021,YEAR,,COUNTY,GEORGIA,13,NORTH CENTRAL,20,UNION,291,,,0,,CORN,"CORN, GRAIN - YIELD, MEASURED IN BU / ACRE",TOTAL,NOT SPECIFIED,148.8,16.7
SURVEY,2021,YEAR,,COUNTY,GEORGIA,13,NORTH CENTRAL,20,WALTON,297,,,0,,CORN,"CORN, GRAIN - YIELD, MEASURED IN BU / ACRE",TOTAL,NOT SPECIFIED,69.2,21.6
SURVEY,2021,YEAR,,COUNTY,GEORGIA,13,NORTHEAST,30,BANKS,11,,,0,,CORN,"CORN, GRAIN - YIELD, MEASURED IN BU / ACRE",TOTAL,NOT SPECIFIED,151,13.6
SURVEY,2021,YEAR,,COUNTY,GEORGIA,13,NORTHEAST,30,FRANKLIN,119,,,0,,CORN,"CORN, GRAIN - YIELD, MEASURED IN BU / ACRE",TOTAL,NOT SPECIFIED,150.9,16.1
SURVEY,2021,YEAR,,COUNTY,GEORGIA,13,NORTHEAST,30,HART,147,,,0,,CORN,"CORN, GRAIN - YIELD, MEASURED IN BU / ACRE",TOTAL,NOT SPECIFIED,190.7,2.2
SURVEY,2021,YEAR,,COUNTY,GEORGIA,13,NORTHWEST,10,BARTOW,15,,,0,,CORN,"CORN, GRAIN - YIELD, MEASURED IN BU / ACRE",TOTAL,NOT SPECIFIED,181.2,7.7
SURVEY,2021,YEAR,,COUNTY,GEORGIA,13,NORTHWEST,10,CHATTOOGA,55,,,0,,CORN,"CORN, GRAIN - YIELD, MEASURED IN BU / ACRE",TOTAL,NOT SPECIFIED,168.3,4.3
SURVEY,2021,YEAR,,COUNTY,GEORGIA,13,NORTHWEST,10,GORDON,129,,,0,,CORN,"CORN, GRAIN - YIELD, MEASURED IN BU / ACRE",TOTAL,NOT SPECIFIED,150.6,4.3
SURVEY,2021,YEAR,,COUNTY,GEORGIA,13,NORTHWEST,10,WHITFIELD,313,,,0,,CORN,"CORN, GRAIN - YIELD, MEASURED IN BU / ACRE",TOTAL,NOT SPECIFIED,138.8,3
SURVEY,2021,YEAR,,COUNTY,GEORGIA,13,SOUTH CENTRAL,80,ATKINSON,3,,,0,,CORN,"CORN, GRAIN - YIELD, MEASURED IN BU / ACRE",TOTAL,NOT SPECIFIED,157.8,13
SURVEY,2021,YEAR,,COUNTY,GEORGIA,13,SOUTH CENTRAL,80,BEN HILL,17,,,0,,CORN,"CORN, GRAIN - YIELD, MEASURED IN BU / ACRE",TOTAL,NOT SPECIFIED,228.8,8.2
SURVEY,2021,YEAR,,COUNTY,GEORGIA,13,SOUTH CENTRAL,80,BERRIEN,19,,,0,,CORN,"CORN, GRAIN - YIELD, MEASURED IN BU / ACRE",TOTAL,NOT SPECIFIED,169.1,11.5
SURVEY,2021,YEAR,,COUNTY,GEORGIA,13,SOUTH CENTRAL,80,COFFEE,69,,,0,,CORN,"CORN, GRAIN - YIELD, MEASURED IN BU / ACRE",TOTAL,NOT SPECIFIED,171.4,3.7
SURVEY,2021,YEAR,,COUNTY,GEORGIA,13,SOUTH CENTRAL,80,COLQUITT,71,,,0,,CORN,"CORN, GRAIN - YIELD, MEASURED IN BU / ACRE",TOTAL,NOT SPECIFIED,204.6,4.6
SURVEY,2021,YEAR,,COUNTY,GEORGIA,13,SOUTH CENTRAL,80,IRWIN,155,,,0,,CORN,"CORN, GRAIN - YIELD, MEASURED IN BU / ACRE",TOTAL,NOT SPECIFIED,184.7,4.2
SURVEY,2021,YEAR,,COUNTY,GEORGIA,13,SOUTH CENTRAL,80,LOWNDES,185,,,0,,CORN,"CORN, GRAIN - YIELD, MEASURED IN BU / ACRE",TOTAL,NOT SPECIFIED,174.1,13.4
SURVEY,2021,YEAR,,COUNTY,GEORGIA,13,SOUTH CENTRAL,80,TIFT,277,,,0,,CORN,"CORN, GRAIN - YIELD, MEASURED IN BU / ACRE",TOTAL,NOT SPECIFIED,192.7,4.6
SURVEY,2021,YEAR,,COUNTY,GEORGIA,13,SOUTH CENTRAL,80,WILCOX,315,,,0,,CORN,"CORN, GRAIN - YIELD, MEASURED IN BU / ACRE",TOTAL,NOT SPECIFIED,182.9,1.6
SURVEY,2021,YEAR,,COUNTY,GEORGIA,13,SOUTH CENTRAL,80,WORTH,321,,,0,,CORN,"CORN, GRAIN - YIELD, MEASURED IN BU / ACRE",TOTAL,NOT SPECIFIED,183.1,7.7
SURVEY,2021,YEAR,,COUNTY,GEORGIA,13,SOUTHEAST,90,BRANTLEY,25,,,0,,CORN,"CORN, GRAIN - YIELD, MEASURED IN BU / ACRE",TOTAL,NOT SPECIFIED,111.6,3.6
SURVEY,2021,YEAR,,COUNTY,GEORGIA,13,SOUTHEAST,90,PIERCE,229,,,0,,CORN,"CORN, GRAIN - YIELD, MEASURED IN BU / ACRE",TOTAL,NOT SPECIFIED,166.6,3.9
SURVEY,2021,YEAR,,COUNTY,GEORGIA,13,SOUTHEAST,90,TATTNALL,267,,,0,,CORN,"CORN, GRAIN - YIELD, MEASURED IN BU / ACRE",TOTAL,NOT SPECIFIED,168.4,5.1
SURVEY,2021,YEAR,,COUNTY,GEORGIA,13,SOUTHEAST,90,TOOMBS,279,,,0,,CORN,"CORN, GRAIN - YIELD, MEASURED IN BU / ACRE",TOTAL,NOT SPECIFIED,177,12.3
SURVEY,2021,YEAR,,COUNTY,GEORGIA,13,SOUTHEAST,90,WARE,299,,,0,,CORN,"CORN, GRAIN - YIELD, MEASURED IN BU / ACRE",TOTAL,NOT SPECIFIED,137.7,12.6
SURVEY,2021,YEAR,,COUNTY,GEORGIA,13,SOUTHWEST,70,BAKER,7,,,0,,CORN,"CORN, GRAIN - YIELD, MEASURED IN BU / ACRE",TOTAL,NOT SPECIFIED,202.2,5.1
SURVEY,2021,YEAR,,COUNTY,GEORGIA,13,SOUTHWEST,70,CALHOUN,37,,,0,,CORN,"CORN, GRAIN - YIELD, MEASURED IN BU / ACRE",TOTAL,NOT SPECIFIED,225.5,3.9
SURVEY,2021,YEAR,,COUNTY,GEORGIA,13,SOUTHWEST,70,DECATUR,87,,,0,,CORN,"CORN, GRAIN - YIELD, MEASURED IN BU / ACRE",TOTAL,NOT SPECIFIED,196.7,5.4
SURVEY,2021,YEAR,,COUNTY,GEORGIA,13,SOUTHWEST,70,EARLY,99,,,0,,CORN,"CORN, GRAIN - YIELD, MEASURED IN BU / ACRE",TOTAL,NOT SPECIFIED,201.4,3.9
SURVEY,2021,YEAR,,COUNTY,GEORGIA,13,SOUTHWEST,70,LEE,177,,,0,,CORN,"CORN, GRAIN - YIELD, MEASURED IN BU / ACRE",TOTAL,NOT SPECIFIED,197.1,4.7
SURVEY,2021,YEAR,,COUNTY,GEORGIA,13,SOUTHWEST,70,MILLER,201,,,0,,CORN,"CORN, GRAIN - YIELD, MEASURED IN BU / ACRE",TOTAL,NOT SPECIFIED,189.4,3.9
SURVEY,2021,YEAR,,COUNTY,GEORGIA,13,SOUTHWEST,70,MITCHELL,205,,,0,,CORN,"CORN, GRAIN - YIELD, MEASURED IN BU / ACRE",TOTAL,NOT SPECIFIED,195.7,5
SURVEY,2021,YEAR,,COUNTY,GEORGIA,13,SOUTHWEST,70,RANDOLPH,243,,,0,,CORN,"CORN, GRAIN - YIELD, MEASURED IN BU / ACRE",TOTAL,NOT SPECIFIED,191.7,12.2
SURVEY,2021,YEAR,,COUNTY,GEORGIA,13,SOUTHWEST,70,SEMINOLE,253,,,0,,CORN,"CORN, GRAIN - YIELD, MEASURED IN BU / ACRE",TOTAL,NOT SPECIFIED,207,7.7
SURVEY,2021,YEAR,,COUNTY,GEORGIA,13,SOUTHWEST,70,SUMTER,261,,,0,,CORN,"CORN, GRAIN - YIELD, MEASURED IN BU / ACRE",TOTAL,NOT SPECIFIED,197.6,8.3
SURVEY,2021,YEAR,,COUNTY,GEORGIA,13,SOUTHWEST,70,TERRELL,273,,,0,,CORN,"CORN, GRAIN - YIELD, MEASURED IN BU / ACRE",TOTAL,NOT SPECIFIED,200.1,4
SURVEY,2021,YEAR,,COUNTY,GEORGIA,13,SOUTHWEST,70,THOMAS,275,,,0,,CORN,"CORN, GRAIN - YIELD, MEASURED IN BU / ACRE",TOTAL,NOT SPECIFIED,138.3,7.9
SURVEY,2021,YEAR,,COUNTY,GEORGIA,13,WEST CENTRAL,40,CARROLL,45,,,0,,CORN,"CORN, GRAIN - YIELD, MEASURED IN BU / ACRE",TOTAL,NOT SPECIFIED,145.2,1.6
SURVEY,2021,YEAR,,COUNTY,GEORGIA,13,WEST CENTRAL,40,MACON,193,,,0,,CORN,"CORN, GRAIN - YIELD, MEASURED IN BU / ACRE",TOTAL,NOT SPECIFIED,216.1,3.3
SURVEY,2020,YEAR,,COUNTY,GEORGIA,13,,99,OTHER COUNTIES,,,,0,,CORN,"CORN, GRAIN - YIELD, MEASURED IN BU / ACRE",TOTAL,NOT SPECIFIED,154.2,1.9
SURVEY,2020,YEAR,,COUNTY,GEORGIA,13,CENTRAL,50,BLECKLEY,23,,,0,,CORN,"CORN, GRAIN - YIELD, MEASURED IN BU / ACRE",TOTAL,NOT SPECIFIED,190.3,4.3
SURVEY,2020,YEAR,,COUNTY,GEORGIA,13,CENTRAL,50,DODGE,91,,,0,,CORN,"CORN, GRAIN - YIELD, MEASURED IN BU / ACRE",TOTAL,NOT SPECIFIED,168.7,6.4
SURVEY,2020,YEAR,,COUNTY,GEORGIA,13,CENTRAL,50,JOHNSON,167,,,0,,CORN,"CORN, GRAIN - YIELD, MEASURED IN BU / ACRE",TOTAL,NOT SPECIFIED,145.8,24.2
SURVEY,2020,YEAR,,COUNTY,GEORGIA,13,CENTRAL,50,LAURENS,175,,,0,,CORN,"CORN, GRAIN - YIELD, MEASURED IN BU / ACRE",TOTAL,NOT SPECIFIED,159.1,14.2
SURVEY,2020,YEAR,,COUNTY,GEORGIA,13,CENTRAL,50,TWIGGS,289,,,0,,CORN,"CORN, GRAIN - YIELD, MEASURED IN BU / ACRE",TOTAL,NOT SPECIFIED,171.1,13.2
SURVEY,2020,YEAR,,COUNTY,GEORGIA,13,CENTRAL,50,WASHINGTON,303,,,0,,CORN,"CORN, GRAIN - YIELD, MEASURED IN BU / ACRE",TOTAL,NOT SPECIFIED,194.3,7.1
SURVEY,2020,YEAR,,COUNTY,GEORGIA,13,EAST CENTRAL,60,BULLOCH,31,,,0,,CORN,"CORN, GRAIN - YIELD, MEASURED IN BU / ACRE",TOTAL,NOT SPECIFIED,95.8,19.5
SURVEY,2020,YEAR,,COUNTY,GEORGIA,13,EAST CENTRAL,60,BURKE,33,,,0,,CORN,"CORN, GRAIN - YIELD, MEASURED IN BU / ACRE",TOTAL,NOT SPECIFIED,196.9,3.1
SURVEY,2020,YEAR,,COUNTY,GEORGIA,13,EAST CENTRAL,60,EMANUEL,107,,,0,,CORN,"CORN, GRAIN - YIELD, MEASURED IN BU / ACRE",TOTAL,NOT SPECIFIED,124.2,12.7
SURVEY,2020,YEAR,,COUNTY,GEORGIA,13,EAST CENTRAL,60,JEFFERSON,163,,,0,,CORN,"CORN, GRAIN - YIELD, MEASURED IN BU / ACRE",TOTAL,NOT SPECIFIED,204.8,6.4
SURVEY,2020,YEAR,,COUNTY,GEORGIA,13,EAST CENTRAL,60,SCREVEN,251,,,0,,CORN,"CORN, GRAIN - YIELD, MEASURED IN BU / ACRE",TOTAL,NOT SPECIFIED,174.2,3.5
SURVEY,2020,YEAR,,COUNTY,GEORGIA,13,NORTH CENTRAL,20,HALL,139,,,0,,CORN,"CORN, GRAIN - YIELD, MEASURED IN BU / ACRE",TOTAL,NOT SPECIFIED,95.9,8.9
SURVEY,2020,YEAR,,COUNTY,GEORGIA,13,NORTH CENTRAL,20,WALTON,297,,,0,,CORN,"CORN, GRAIN - YIELD, MEASURED IN BU / ACRE",TOTAL,NOT SPECIFIED,76.1,15.4
SURVEY,2020,YEAR,,COUNTY,GEORGIA,13,NORTHEAST,30,FRANKLIN,119,,,0,,CORN,"CORN, GRAIN - YIELD, MEASURED IN BU / ACRE",TOTAL,NOT SPECIFIED,100,1.5
SURVEY,2020,YEAR,,COUNTY,GEORGIA,13,NORTHEAST,30,HABERSHAM,137,,,0,,CORN,"CORN, GRAIN - YIELD, MEASURED IN BU / ACRE",TOTAL,NOT SPECIFIED,140.5,14.5
SURVEY,2020,YEAR,,COUNTY,GEORGIA,13,NORTHEAST,30,HART,147,,,0,,CORN,"CORN, GRAIN - YIELD, MEASURED IN BU / ACRE",TOTAL,NOT SPECIFIED,150,5.5
SURVEY,2020,YEAR,,COUNTY,GEORGIA,13,NORTHWEST,10,BARTOW,15,,,0,,CORN,"CORN, GRAIN - YIELD, MEASURED IN BU / ACRE",TOTAL,NOT SPECIFIED,176.7,12.5
SURVEY,2020,YEAR,,COUNTY,GEORGIA,13,NORTHWEST,10,CHATTOOGA,55,,,0,,CORN,"CORN, GRAIN - YIELD, MEASURED IN BU / ACRE",TOTAL,NOT SPECIFIED,174.5,5.5
SURVEY,2020,YEAR,,COUNTY,GEORGIA,13,NORTHWEST,10,FLOYD,115,,,0,,CORN,"CORN, GRAIN - YIELD, MEASURED IN BU / ACRE",TOTAL,NOT SPECIFIED,182.4,3.5
SURVEY,2020,YEAR,,COUNTY,GEORGIA,13,NORTHWEST,10,GORDON,129,,,0,,CORN,"CORN, GRAIN - YIELD, MEASURED IN BU / ACRE",TOTAL,NOT SPECIFIED,141.5,5.6
SURVEY,2020,YEAR,,COUNTY,GEORGIA,13,NORTHWEST,10,MURRAY,213,,,0,,CORN,"CORN, GRAIN - YIELD, MEASURED IN BU / ACRE",TOTAL,NOT SPECIFIED,148.8,3.4
SURVEY,2020,YEAR,,COUNTY,GEORGIA,13,SOUTH CENTRAL,80,ATKINSON,3,,,0,,CORN,"CORN, GRAIN - YIELD, MEASURED IN BU / ACRE",TOTAL,NOT SPECIFIED,171.9,5
SURVEY,2020,YEAR,,COUNTY,GEORGIA,13,SOUTH CENTRAL,80,BERRIEN,19,,,0,,CORN,"CORN, GRAIN - YIELD, MEASURED IN BU / ACRE",TOTAL,NOT SPECIFIED,158.7,5.7
SURVEY,2020,YEAR,,COUNTY,GEORGIA,13,SOUTH CENTRAL,80,BROOKS,27,,,0,,CORN,"CORN, GRAIN - YIELD, MEASURED IN BU / ACRE",TOTAL,NOT SPECIFIED,118.6,28.6
SURVEY,2020,YEAR,,COUNTY,GEORGIA,13,SOUTH CENTRAL,80,COFFEE,69,,,0,,CORN,"CORN, GRAIN - YIELD, MEASURED IN BU / ACRE",TOTAL,NOT SPECIFIED,164.8,9
SURVEY,2020,YEAR,,COUNTY,GEORGIA,13,SOUTH CENTRAL,80,COLQUITT,71,,,0,,CORN,"CORN, GRAIN - YIELD, MEASURED IN BU / ACRE",TOTAL,NOT SPECIFIED,198.8,4.9
SURVEY,2020,YEAR,,COUNTY,GEORGIA,13,SOUTH CENTRAL,80,COOK,75,,,0,,CORN,"CORN, GRAIN - YIELD, MEASURED IN BU / ACRE",TOTAL,NOT SPECIFIED,161.2,9
SURVEY,2020,YEAR,,COUNTY,GEORGIA,13,SOUTH CENTRAL,80,IRWIN,155,,,0,,CORN,"CORN, GRAIN - YIELD, MEASURED IN BU / ACRE",TOTAL,NOT SPECIFIED,185.3,3.2
SURVEY,2020,YEAR,,COUNTY,GEORGIA,13,SOUTH CENTRAL,80,TIFT,277,,,0,,CORN,"CORN, GRAIN - YIELD, MEASURED IN BU / ACRE",TOTAL,NOT SPECIFIED,172.9,8.6
SURVEY,2020,YEAR,,COUNTY,GEORGIA,13,SOUTH CENTRAL,80,TURNER,287,,,0,,CORN,"CORN, GRAIN - YIELD, MEASURED IN BU / ACRE",TOTAL,NOT SPECIFIED,212.5,4.1
SURVEY,2020,YEAR,,COUNTY,GEORGIA,13,SOUTH CENTRAL,80,WILCOX,315,,,0,,CORN,"CORN, GRAIN - YIELD, MEASURED IN BU / ACRE",TOTAL,NOT SPECIFIED,164.2,4.9
SURVEY,2020,YEAR,,COUNTY,GEORGIA,13,SOUTH CENTRAL,80,WORTH,321,,,0,,CORN,"CORN, GRAIN - YIELD, MEASURED IN BU / ACRE",TOTAL,NOT SPECIFIED,213.7,2.5
SURVEY,2020,YEAR,,COUNTY,GEORGIA,13,SOUTHEAST,90,APPLING,1,,,0,,CORN,"CORN, GRAIN - YIELD, MEASURED IN BU / ACRE",TOTAL,NOT SPECIFIED,90,10.2
SURVEY,2020,YEAR,,COUNTY,GEORGIA,13,SOUTHEAST,90,BACON,5,,,0,,CORN,"CORN, GRAIN - YIELD, MEASURED IN BU / ACRE",TOTAL,NOT SPECIFIED,159.2,10.1
SURVEY,2020,YEAR,,COUNTY,GEORGIA,13,SOUTHEAST,90,BRANTLEY,25,,,0,,CORN,"CORN, GRAIN - YIELD, MEASURED IN BU / ACRE",TOTAL,NOT SPECIFIED,90.9,10.3
SURVEY,2020,YEAR,,COUNTY,GEORGIA,13,SOUTHEAST,90,PIERCE,229,,,0,,CORN,"CORN, GRAIN - YIELD, MEASURED IN BU / ACRE",TOTAL,NOT SPECIFIED,175.8,3.1
SURVEY,2020,YEAR,,COUNTY,GEORGIA,13,SOUTHEAST,90,WARE,299,,,0,,CORN,"CORN, GRAIN - YIELD, MEASURED IN BU / ACRE",TOTAL,NOT SPECIFIED,119.4,17.8
SURVEY,2020,YEAR,,COUNTY,GEORGIA,13,SOUTHWEST,70,BAKER,7,,,0,,CORN,"CORN, GRAIN - YIELD, MEASURED IN BU / ACRE",TOTAL,NOT SPECIFIED,201.8,4.3
SURVEY,2020,YEAR,,COUNTY,GEORGIA,13,SOUTHWEST,70,CALHOUN,37,,,0,,CORN,"CORN, GRAIN - YIELD, MEASURED IN BU / ACRE",TOTAL,NOT SPECIFIED,229,4.2
SURVEY,2020,YEAR,,COUNTY,GEORGIA,13,SOUTHWEST,70,CLAY,61,,,0,,CORN,"CORN, GRAIN - YIELD, MEASURED IN BU / ACRE",TOTAL,NOT SPECIFIED,201.7,10.4
SURVEY,2020,YEAR,,COUNTY,GEORGIA,13,SOUTHWEST,70,DECATUR,87,,,0,,CORN,"CORN, GRAIN - YIELD, MEASURED IN BU / ACRE",TOTAL,NOT SPECIFIED,216.2,1.9
SURVEY,2020,YEAR,,COUNTY,GEORGIA,13,SOUTHWEST,70,EARLY,99,,,0,,CORN,"CORN, GRAIN - YIELD, MEASURED IN BU / ACRE",TOTAL,NOT SPECIFIED,207.1,5.2
SURVEY,2020,YEAR,,COUNTY,GEORGIA,13,SOUTHWEST,70,GRADY,131,,,0,,CORN,"CORN, GRAIN - YIELD, MEASURED IN BU / ACRE",TOTAL,NOT SPECIFIED,184.1,7.7
SURVEY,2020,YEAR,,COUNTY,GEORGIA,13,SOUTHWEST,70,LEE,177,,,0,,CORN,"CORN, GRAIN - YIELD, MEASURED IN BU / ACRE",TOTAL,NOT SPECIFIED,185.8,4.2
SURVEY,2020,YEAR,,COUNTY,GEORGIA,13,SOUTHWEST,70,MILLER,201,,,0,,CORN,"CORN, GRAIN - YIELD, MEASURED IN BU / ACRE",TOTAL,NOT SPECIFIED,208.4,3.3
SURVEY,2020,YEAR,,COUNTY,GEORGIA,13,SOUTHWEST,70,MITCHELL,205,,,0,,CORN,"CORN, GRAIN - YIELD, MEASURED IN BU / ACRE",TOTAL,NOT SPECIFIED,201.9,5.2
SURVEY,2020,YEAR,,COUNTY,GEORGIA,13,SOUTHWEST,70,RANDOLPH,243,,,0,,CORN,"CORN, GRAIN - YIELD, MEASURED IN BU / ACRE",TOTAL,NOT SPECIFIED,212.7,3.3
SURVEY,2020,YEAR,,COUNTY,GEORGIA,13,SOUTHWEST,70,SEMINOLE,253,,,0,,CORN,"CORN, GRAIN - YIELD, MEASURED IN BU / ACRE",TOTAL,NOT SPECIFIED,222.8,1.9
SURVEY,2020,YEAR,,COUNTY,GEORGIA,13,SOUTHWEST,70,SUMTER,261,,,0,,CORN,"CORN, GRAIN - YIELD, MEASURED IN BU / ACRE",TOTAL,NOT SPECIFIED,201.4,5.8
SURVEY,2020,YEAR,,COUNTY,GEORGIA,13,SOUTHWEST,70,TERRELL,273,,,0,,CORN,"CORN, GRAIN - YIELD, MEASURED IN BU / ACRE",TOTAL,NOT SPECIFIED,189.3,1.9
SURVEY,2020,YEAR,,COUNTY,GEORGIA,13,SOUTHWEST,70,THOMAS,275,,,0,,CORN,"CORN, GRAIN - YIELD, MEASURED IN BU / ACRE",TOTAL,NOT SPECIFIED,123.9,3.9
SURVEY,2020,YEAR,,COUNTY,GEORGIA,13,SOUTHWEST,70,WEBSTER,307,,,0,,CORN,"CORN, GRAIN - YIELD, MEASURED IN BU / ACRE",TOTAL,NOT SPECIFIED,142.1,19.2
SURVEY,2020,YEAR,,COUNTY,GEORGIA,13,WEST CENTRAL,40,COWETA,77,,,0,,CORN,"CORN, GRAIN - YIELD, MEASURED IN BU / ACRE",TOTAL,NOT SPECIFIED,80.4,15
SURVEY,2020,YEAR,,COUNTY,GEORGIA,13,WEST CENTRAL,40,MACON,193,,,0,,CORN,"CORN, GRAIN - YIELD, MEASURED IN BU / ACRE",TOTAL,NOT SPECIFIED,178.8,8.4
SURVEY,2020,YEAR,,COUNTY,GEORGIA,13,WEST CENTRAL,40,SCHLEY,249,,,0,,CORN,"CORN, GRAIN - YIELD, MEASURED IN BU / ACRE",TOTAL,NOT SPECIFIED,99.7,17.4
SURVEY,2020,YEAR,,COUNTY,GEORGIA,13,WEST CENTRAL,40,TAYLOR,269,,,0,,CORN,"CORN, GRAIN - YIELD, MEASURED IN BU / ACRE",TOTAL,NOT SPECIFIED,104.2,10.3
SURVEY,2019,YEAR,,COUNTY,GEORGIA,13,CENTRAL,50,BLECKLEY,23,,,0,,CORN,"CORN, GRAIN - YIELD, MEASURED IN BU / ACRE",TOTAL,NOT SPECIFIED,177,
SURVEY,2019,YEAR,,COUNTY,GEORGIA,13,CENTRAL,50,DODGE,91,,,0,,CORN,"CORN, GRAIN - YIELD, MEASURED IN BU / ACRE",TOTAL,NOT SPECIFIED,152.5,
SURVEY,2019,YEAR,,COUNTY,GEORGIA,13,CENTRAL,50,JOHNSON,167,,,0,,CORN,"CORN, GRAIN - YIELD, MEASURED IN BU / ACRE",TOTAL,NOT SPECIFIED,92.4,
SURVEY,2019,YEAR,,COUNTY,GEORGIA,13,CENTRAL,50,OTHER (COMBINED) COUNTIES,,,,0,,CORN,"CORN, GRAIN - YIELD, MEASURED IN BU / ACRE",TOTAL,NOT SPECIFIED,152.4,
SURVEY,2019,YEAR,,COUNTY,GEORGIA,13,EAST CENTRAL,60,BULLOCH,31,,,0,,CORN,"CORN, GRAIN - YIELD, MEASURED IN BU / ACRE",TOTAL,NOT SPECIFIED,122.1,
SURVEY,2019,YEAR,,COUNTY,GEORGIA,13,EAST CENTRAL,60,BURKE,33,,,0,,CORN,"CORN, GRAIN - YIELD, MEASURED IN BU / ACRE",TOTAL,NOT SPECIFIED,199,
SURVEY,2019,YEAR,,COUNTY,GEORGIA,13,EAST CENTRAL,60,CANDLER,43,,,0,,CORN,"CORN, GRAIN - YIELD, MEASURED IN BU / ACRE",TOTAL,NOT SPECIFIED,82.4,
SURVEY,2019,YEAR,,COUNTY,GEORGIA,13,EAST CENTRAL,60,EMANUEL,107,,,0,,CORN,"CORN, GRAIN - YIELD, MEASURED IN BU / ACRE",TOTAL,NOT SPECIFIED,146.7,
SURVEY,2019,YEAR,,COUNTY,GEORGIA,13,EAST CENTRAL,60,JEFFERSON,163,,,0,,CORN,"CORN, GRAIN - YIELD, MEASURED IN BU / ACRE",TOTAL,NOT SPECIFIED,183,
SURVEY,2019,YEAR,,COUNTY,GEORGIA,13,EAST CENTRAL,60,JENKINS,165,,,0,,CORN,"CORN, GRAIN - YIELD, MEASURED IN BU / ACRE",TOTAL,NOT SPECIFIED,240,
SURVEY,2019,YEAR,,COUNTY,GEORGIA,13,EAST CENTRAL,60,OTHER (COMBINED) COUNTIES,,,,0,,CORN,"CORN, GRAIN - YIELD, MEASURED IN BU / ACRE",TOTAL,NOT SPECIFIED,76.7,
SURVEY,2019,YEAR,,COUNTY,GEORGIA,13,EAST CENTRAL,60,SCREVEN,251,,,0,,CORN,"CORN, GRAIN - YIELD, MEASURED IN BU / ACRE",TOTAL,NOT SPECIFIED,157.3,
SURVEY,2019,YEAR,,COUNTY,GEORGIA,13,NORTH CENTRAL,20,HALL,139,,,0,,CORN,"CORN, GRAIN - YIELD, MEASURED IN BU / ACRE",TOTAL,NOT SPECIFIED,114.1,
SURVEY,2019,YEAR,,COUNTY,GEORGIA,13,NORTH CENTRAL,20,OTHER (COMBINED) COUNTIES,,,,0,,CORN,"CORN, GRAIN - YIELD, MEASURED IN BU / ACRE",TOTAL,NOT SPECIFIED,128.5,
SURVEY,2019,YEAR,,COUNTY,GEORGIA,13,NORTHEAST,30,BANKS,11,,,0,,CORN,"CORN, GRAIN - YIELD, MEASURED IN BU / ACRE",TOTAL,NOT SPECIFIED,102,
SURVEY,2019,YEAR,,COUNTY,GEORGIA,13,NORTHEAST,30,FRANKLIN,119,,,0,,CORN,"CORN, GRAIN - YIELD, MEASURED IN BU / ACRE",TOTAL,NOT SPECIFIED,157.1,
SURVEY,2019,YEAR,,COUNTY,GEORGIA,13,NORTHEAST,30,HABERSHAM,137,,,0,,CORN,"CORN, GRAIN - YIELD, MEASURED IN BU / ACRE",TOTAL,NOT SPECIFIED,116.2,
SURVEY,2019,YEAR,,COUNTY,GEORGIA,13,NORTHEAST,30,OTHER (COMBINED) COUNTIES,,,,0,,CORN,"CORN, GRAIN - YIELD, MEASURED IN BU / ACRE",TOTAL,NOT SPECIFIED,126.9,
SURVEY,2019,YEAR,,COUNTY,GEORGIA,13,NORTHWEST,10,BARTOW,15,,,0,,CORN,"CORN, GRAIN - YIELD, MEASURED IN BU / ACRE",TOTAL,NOT SPECIFIED,185,
SURVEY,2019,YEAR,,COUNTY,GEORGIA,13,NORTHWEST,10,CHATTOOGA,55,,,0,,CORN,"CORN, GRAIN - YIELD, MEASURED IN BU / ACRE",TOTAL,NOT SPECIFIED,122.9,
SURVEY,2019,YEAR,,COUNTY,GEORGIA,13,NORTHWEST,10,FLOYD,115,,,0,,CORN,"CORN, GRAIN - YIELD, MEASURED IN BU / ACRE",TOTAL,NOT SPECIFIED,153.5,
SURVEY,2019,YEAR,,COUNTY,GEORGIA,13,NORTHWEST,10,GORDON,129,,,0,,CORN,"CORN, GRAIN - YIELD, MEASURED IN BU / ACRE",TOTAL,NOT SPECIFIED,108.1,
SURVEY,2019,YEAR,,COUNTY,GEORGIA,13,NORTHWEST,10,OTHER (COMBINED) COUNTIES,,,,0,,CORN,"CORN, GRAIN - YIELD, MEASURED IN BU / ACRE",TOTAL,NOT SPECIFIED,123.1,
SURVEY,2019,YEAR,,COUNTY,GEORGIA,13,NORTHWEST,10,WHITFIELD,313,,,0,,CORN,"CORN, GRAIN - YIELD, MEASURED IN BU / ACRE",TOTAL,NOT SPECIFIED,103,
SURVEY,2019,YEAR,,COUNTY,GEORGIA,13,SOUTH CENTRAL,80,ATKINSON,3,,,0,,CORN,"CORN, GRAIN - YIELD, MEASURED IN BU / ACRE",TOTAL,NOT SPECIFIED,160.9,
SURVEY,2019,YEAR,,COUNTY,GEORGIA,13,SOUTH CENTRAL,80,BROOKS,27,,,0,,CORN,"CORN, GRAIN - YIELD, MEASURED IN BU / ACRE",TOTAL,NOT SPECIFIED,146.3,
SURVEY,2019,YEAR,,COUNTY,GEORGIA,13,SOUTH CENTRAL,80,COFFEE,69,,,0,,CORN,"CORN, GRAIN - YIELD, MEASURED IN BU / ACRE",TOTAL,NOT SPECIFIED,149.2,
SURVEY,2019,YEAR,,COUNTY,GEORGIA,13,SOUTH CENTRAL,80,COLQUITT,71,,,0,,CORN,"CORN, GRAIN - YIELD, MEASURED IN BU / ACRE",TOTAL,NOT SPECIFIED,164.7,
SURVEY,2019,YEAR,,COUNTY,GEORGIA,13,SOUTH CENTRAL,80,COOK,75,,,0,,CORN,"CORN, GRAIN - YIELD, MEASURED IN BU / ACRE",TOTAL,NOT SPECIFIED,135.6,
SURVEY,2019,YEAR,,COUNTY,GEORGIA,13,SOUTH CENTRAL,80,IRWIN,155,,,0,,CORN,"CORN, GRAIN - YIELD, MEASURED IN BU / ACRE",TOTAL,NOT SPECIFIED,173.1,
SURVEY,2019,YEAR,,COUNTY,GEORGIA,13,SOUTH CENTRAL,80,OTHER (COMBINED) COUNTIES,,,,0,,CORN,"CORN, GRAIN - YIELD, MEASURED IN BU / ACRE",TOTAL,NOT SPECIFIED,143.6,
SURVEY,2019,YEAR,,COUNTY,GEORGIA,13,SOUTH CENTRAL,80,TURNER,287,,,0,,CORN,"CORN, GRAIN - YIELD, MEASURED IN BU / ACRE",TOTAL,NOT SPECIFIED,199.5,
SURVEY,2019,YEAR,,COUNTY,GEORGIA,13,SOUTH CENTRAL,80,WORTH,321,,,0,,CORN,"CORN, GRAIN - YIELD, MEASURED IN BU / ACRE",TOTAL,NOT SPECIFIED,196.1,
SURVEY,2019,YEAR,,COUNTY,GEORGIA,13,SOUTHEAST,90,APPLING,1,,,0,,CORN,"CORN, GRAIN - YIELD, MEASURED IN BU / ACRE",TOTAL,NOT SPECIFIED,119.1,
SURVEY,2019,YEAR,,COUNTY,GEORGIA,13,SOUTHEAST,90,BACON,5,,,0,,CORN,"CORN, GRAIN - YIELD, MEASURED IN BU / ACRE",TOTAL,NOT SPECIFIED,96.6,
SURVEY,2019,YEAR,,COUNTY,GEORGIA,13,SOUTHEAST,90,OTHER (COMBINED) COUNTIES,,,,0,,CORN,"CORN, GRAIN - YIELD, MEASURED IN BU / ACRE",TOTAL,NOT SPECIFIED,122.6,
SURVEY,2019,YEAR,,COUNTY,GEORGIA,13,SOUTHEAST,90,PIERCE,229,,,0,,CORN,"CORN, GRAIN - YIELD, MEASURED IN BU / ACRE",TOTAL,NOT SPECIFIED,119.6,
SURVEY,2019,YEAR,,COUNTY,GEORGIA,13,SOUTHEAST,90,WARE,299,,,0,,CORN,"CORN, GRAIN - YIELD, MEASURED IN BU / ACRE",TOTAL,NOT SPECIFIED,110.9,
SURVEY,2019,YEAR,,COUNTY,GEORGIA,13,SOUTHWEST,70,BAKER,7,,,0,,CORN,"CORN, GRAIN - YIELD, MEASURED IN BU / ACRE",TOTAL,NOT SPECIFIED,191,
SURVEY,2019,YEAR,,COUNTY,GEORGIA,13,SOUTHWEST,70,CALHOUN,37,,,0,,CORN,"CORN, GRAIN - YIELD, MEASURED IN BU / ACRE",TOTAL,NOT SPECIFIED,228.1,
SURVEY,2019,YEAR,,COUNTY,GEORGIA,13,SOUTHWEST,70,EARLY,99,,,0,,CORN,"CORN, GRAIN - YIELD, MEASURED IN BU / ACRE",TOTAL,NOT SPECIFIED,202,
SURVEY,2019,YEAR,,COUNTY,GEORGIA,13,SOUTHWEST,70,MILLER,201,,,0,,CORN,"CORN, GRAIN - YIELD, MEASURED IN BU / ACRE",TOTAL,NOT SPECIFIED,205.3,
SURVEY,2019,YEAR,,COUNTY,GEORGIA,13,SOUTHWEST,70,OTHER (COMBINED) COUNTIES,,,,0,,CORN,"CORN, GRAIN - YIELD, MEASURED IN BU / ACRE",TOTAL,NOT SPECIFIED,153.9,
SURVEY,2019,YEAR,,COUNTY,GEORGIA,13,SOUTHWEST,70,RANDOLPH,243,,,0,,CORN,"CORN, GRAIN - YIELD, MEASURED IN BU / ACRE",TOTAL,NOT SPECIFIED,213,
SURVEY,2019,YEAR,,COUNTY,GEORGIA,13,SOUTHWEST,70,SEMINOLE,253,,,0,,CORN,"CORN, GRAIN - YIELD, MEASURED IN BU / ACRE",TOTAL,NOT SPECIFIED,213,
SURVEY,2019,YEAR,,COUNTY,GEORGIA,13,SOUTHWEST,70,TERRELL,273,,,0,,CORN,"CORN, GRAIN - YIELD, MEASURED IN BU / ACRE",TOTAL,NOT SPECIFIED,151.1,
SURVEY,2019,YEAR,,COUNTY,GEORGIA,13,SOUTHWEST,70,THOMAS,275,,,0,,CORN,"CORN, GRAIN - YIELD, MEASURED IN BU / ACRE",TOTAL,NOT SPECIFIED,101.2,
SURVEY,2019,YEAR,,COUNTY,GEORGIA,13,SOUTHWEST,70,WEBSTER,307,,,0,,CORN,"CORN, GRAIN - YIELD, MEASURED IN BU / ACRE",TOTAL,NOT SPECIFIED,67.9,
SURVEY,2019,YEAR,,COUNTY,GEORGIA,13,WEST CENTRAL,40,MACON,193,,,0,,CORN,"CORN, GRAIN - YIELD, MEASURED IN BU / ACRE",TOTAL,NOT SPECIFIED,195.8,
SURVEY,2019,YEAR,,COUNTY,GEORGIA,13,WEST CENTRAL,40,OTHER (COMBINED) COUNTIES,,,,0,,CORN,"CORN, GRAIN - YIELD, MEASURED IN BU / ACRE",TOTAL,NOT SPECIFIED,132.8,
SURVEY,2019,YEAR,,COUNTY,GEORGIA,13,WEST CENTRAL,40,SCHLEY,249,,,0,,CORN,"CORN, GRAIN - YIELD, MEASURED IN BU / ACRE",TOTAL,NOT SPECIFIED,80.7,
SURVEY,2019,YEAR,,COUNTY,GEORGIA,13,WEST CENTRAL,40,TAYLOR,269,,,0,,CORN,"CORN, GRAIN - YIELD, MEASURED IN BU / ACRE",TOTAL,NOT SPECIFIED,90,
SURVEY,2018,YEAR,,COUNTY,GEORGIA,13,CENTRAL,50,BLECKLEY,23,,,0,,CORN,"CORN, GRAIN - YIELD, MEASURED IN BU / ACRE",TOTAL,NOT SPECIFIED,186.2,
SURVEY,2018,YEAR,,COUNTY,GEORGIA,13,CENTRAL,50,DODGE,91,,,0,,CORN,"CORN, GRAIN - YIELD, MEASURED IN BU / ACRE",TOTAL,NOT SPECIFIED,179.5,
SURVEY,2018,YEAR,,COUNTY,GEORGIA,13,CENTRAL,50,MONTGOMERY,209,,,0,,CORN,"CORN, GRAIN - YIELD, MEASURED IN BU / ACRE",TOTAL,NOT SPECIFIED,144.4,
SURVEY,2018,YEAR,,COUNTY,GEORGIA,13,CENTRAL,50,OTHER (COMBINED) COUNTIES,,,,0,,CORN,"CORN, GRAIN - YIELD, MEASURED IN BU / ACRE",TOTAL,NOT SPECIFIED,164.5,
SURVEY,2018,YEAR,,COUNTY,GEORGIA,13,EAST CENTRAL,60,BULLOCH,31,,,0,,CORN,"CORN, GRAIN - YIELD, MEASURED IN BU / ACRE",TOTAL,NOT SPECIFIED,114,
SURVEY,2018,YEAR,,COUNTY,GEORGIA,13,EAST CENTRAL,60,BURKE,33,,,0,,CORN,"CORN, GRAIN - YIELD, MEASURED IN BU / ACRE",TOTAL,NOT SPECIFIED,191.1,
SURVEY,2018,YEAR,,COUNTY,GEORGIA,13,EAST CENTRAL,60,JEFFERSON,163,,,0,,CORN,"CORN, GRAIN - YIELD, MEASURED IN BU / ACRE",TOTAL,NOT SPECIFIED,203.2,
SURVEY,2018,YEAR,,COUNTY,GEORGIA,13,EAST CENTRAL,60,JENKINS,165,,,0,,CORN,"CORN, GRAIN - YIELD, MEASURED IN BU / ACRE",TOTAL,NOT SPECIFIED,189.6,
SURVEY,2018,YEAR,,COUNTY,GEORGIA,13,EAST CENTRAL,60,OTHER (COMBINED) COUNTIES,,,,0,,CORN,"CORN, GRAIN - YIELD, MEASURED IN BU / ACRE",TOTAL,NOT SPECIFIED,125.8,
SURVEY,2018,YEAR,,COUNTY,GEORGIA,13,EAST CENTRAL,60,SCREVEN,251,,,0,,CORN,"CORN, GRAIN - YIELD, MEASURED IN BU / ACRE",TOTAL,NOT SPECIFIED,164.6,
SURVEY,2018,YEAR,,COUNTY,GEORGIA,13,NORTH CENTRAL,20,HALL,139,,,0,,CORN,"CORN, GRAIN - YIELD, MEASURED IN BU / ACRE",TOTAL,NOT SPECIFIED,120.8,
SURVEY,2018,YEAR,,COUNTY,GEORGIA,13,NORTH CENTRAL,20,OTHER (COMBINED) COUNTIES,,,,0,,CORN,"CORN, GRAIN - YIELD, MEASURED IN BU / ACRE",TOTAL,NOT SPECIFIED,128.7,
SURVEY,2018,YEAR,,COUNTY,GEORGIA,13,NORTHEAST,30,BANKS,11,,,0,,CORN,"CORN, GRAIN - YIELD, MEASURED IN BU / ACRE",TOTAL,NOT SPECIFIED,92.6,
SURVEY,2018,YEAR,,COUNTY,GEORGIA,13,NORTHEAST,30,HART,147,,,0,,CORN,"CORN, GRAIN - YIELD, MEASURED IN BU / ACRE",TOTAL,NOT SPECIFIED,186.7,
SURVEY,2018,YEAR,,COUNTY,GEORGIA,13,NORTHEAST,30,OTHER (COMBINED) COUNTIES,,,,0,,CORN,"CORN, GRAIN - YIELD, MEASURED IN BU / ACRE",TOTAL,NOT SPECIFIED,154,
SURVEY,2018,YEAR,,COUNTY,GEORGIA,13,NORTHWEST,10,BARTOW,15,,,0,,CORN,"CORN, GRAIN - YIELD, MEASURED IN BU / ACRE",TOTAL,NOT SPECIFIED,156.5,
SURVEY,2018,YEAR,,COUNTY,GEORGIA,13,NORTHWEST,10,CHATTOOGA,55,,,0,,CORN,"CORN, GRAIN - YIELD, MEASURED IN BU / ACRE",TOTAL,NOT SPECIFIED,175.7,
SURVEY,2018,YEAR,,COUNTY,GEORGIA,13,NORTHWEST,10,FLOYD,115,,,0,,CORN,"CORN, GRAIN - YIELD, MEASURED IN BU / ACRE",TOTAL,NOT SPECIFIED,216.7,
SURVEY,2018,YEAR,,COUNTY,GEORGIA,13,NORTHWEST,10,GORDON,129,,,0,,CORN,"CORN, GRAIN - YIELD, MEASURED IN BU / ACRE",TOTAL,NOT SPECIFIED,161.1,
SURVEY,2018,YEAR,,COUNTY,GEORGIA,13,NORTHWEST,10,OTHER (COMBINED) COUNTIES,,,,0,,CORN,"CORN, GRAIN - YIELD, MEASURED IN BU / ACRE",TOTAL,NOT SPECIFIED,164.5,
SURVEY,2018,YEAR,,COUNTY,GEORGIA,13,NORTHWEST,10,WHITFIELD,313,,,0,,CORN,"CORN, GRAIN - YIELD, MEASURED IN BU / ACRE",TOTAL,NOT SPECIFIED,99.2,
SURVEY,2018,YEAR,,COUNTY,GEORGIA,13,SOUTH CENTRAL,80,ATKINSON,3,,,0,,CORN,"CORN, GRAIN - YIELD, MEASURED IN BU / ACRE",TOTAL,NOT SPECIFIED,134.4,
SURVEY,2018,YEAR,,COUNTY,GEORGIA,13,SOUTH CENTRAL,80,BERRIEN,19,,,0,,CORN,"CORN, GRAIN - YIELD, MEASURED IN BU / ACRE",TOTAL,NOT SPECIFIED,151.2,
SURVEY,2018,YEAR,,COUNTY,GEORGIA,13,SOUTH CENTRAL,80,BROOKS,27,,,0,,CORN,"CORN, GRAIN - YIELD, MEASURED IN BU / ACRE",TOTAL,NOT SPECIFIED,154.1,
SURVEY,2018,YEAR,,COUNTY,GEORGIA,13,SOUTH CENTRAL,80,COFFEE,69,,,0,,CORN,"CORN, GRAIN - YIELD, MEASURED IN BU / ACRE",TOTAL,NOT SPECIFIED,141.9,
SURVEY,2018,YEAR,,COUNTY,GEORGIA,13,SOUTH CENTRAL,80,COLQUITT,71,,,0,,CORN,"CORN, GRAIN - YIELD, MEASURED IN BU / ACRE",TOTAL,NOT SPECIFIED,197.9,
SURVEY,2018,YEAR,,COUNTY,GEORGIA,13,SOUTH CENTRAL,80,COOK,75,,,0,,CORN,"CORN, GRAIN - YIELD, MEASURED IN BU / ACRE",TOTAL,NOT SPECIFIED,165.3,
SURVEY,2018,YEAR,,COUNTY,GEORGIA,13,SOUTH CENTRAL,80,DOOLY,93,,,0,,CORN,"CORN, GRAIN - YIELD, MEASURED IN BU / ACRE",TOTAL,NOT SPECIFIED,211.6,
SURVEY,2018,YEAR,,COUNTY,GEORGIA,13,SOUTH CENTRAL,80,IRWIN,155,,,0,,CORN,"CORN, GRAIN - YIELD, MEASURED IN BU / ACRE",TOTAL,NOT SPECIFIED,172.9,
SURVEY,2018,YEAR,,COUNTY,GEORGIA,13,SOUTH CENTRAL,80,JEFF DAVIS,161,,,0,,CORN,"CORN, GRAIN - YIELD, MEASURED IN BU / ACRE",TOTAL,NOT SPECIFIED,138.9,
SURVEY,2018,YEAR,,COUNTY,GEORGIA,13,SOUTH CENTRAL,80,OTHER (COMBINED) COUNTIES,,,,0,,CORN,"CORN, GRAIN - YIELD, MEASURED IN BU / ACRE",TOTAL,NOT SPECIFIED,173.5,
SURVEY,2018,YEAR,,COUNTY,GEORGIA,13,SOUTH CENTRAL,80,TURNER,287,,,0,,CORN,"CORN, GRAIN - YIELD, MEASURED IN BU / ACRE",TOTAL,NOT SPECIFIED,188,
SURVEY,2018,YEAR,,COUNTY,GEORGIA,13,SOUTH CENTRAL,80,WORTH,321,,,0,,CORN,"CORN, GRAIN - YIELD, MEASURED IN BU / ACRE",TOTAL,NOT SPECIFIED,191.4,
SURVEY,2018,YEAR,,COUNTY,GEORGIA,13,SOUTHEAST,90,EVANS,109,,,0,,CORN,"CORN, GRAIN - YIELD, MEASURED IN BU / ACRE",TOTAL,NOT SPECIFIED,147.8,
SURVEY,2018,YEAR,,COUNTY,GEORGIA,13,SOUTHEAST,90,OTHER (COMBINED) COUNTIES,,,,0,,CORN,"CORN, GRAIN - YIELD, MEASURED IN BU / ACRE",TOTAL,NOT SPECIFIED,113,
SURVEY,2018,YEAR,,COUNTY,GEORGIA,13,SOUTHEAST,90,PIERCE,229,,,0,,CORN,"CORN, GRAIN - YIELD, MEASURED IN BU / ACRE",TOTAL,NOT SPECIFIED,136.2,
SURVEY,2018,YEAR,,COUNTY,GEORGIA,13,SOUTHEAST,90,TATTNALL,267,,,0,,CORN,"CORN, GRAIN - YIELD, MEASURED IN BU / ACRE",TOTAL,NOT SPECIFIED,162.9,
SURVEY,2018,YEAR,,COUNTY,GEORGIA,13,SOUTHEAST,90,TOOMBS,279,,,0,,CORN,"CORN, GRAIN - YIELD, MEASURED IN BU / ACRE",TOTAL,NOT SPECIFIED,194.1,
SURVEY,2018,YEAR,,COUNTY,GEORGIA,13,SOUTHWEST,70,BAKER,7,,,0,,CORN,"CORN, GRAIN - YIELD, MEASURED IN BU / ACRE",TOTAL,NOT SPECIFIED,199.2,
SURVEY,2018,YEAR,,COUNTY,GEORGIA,13,SOUTHWEST,70,CALHOUN,37,,,0,,CORN,"CORN, GRAIN - YIELD, MEASURED IN BU / ACRE",TOTAL,NOT SPECIFIED,211.8,
SURVEY,2018,YEAR,,COUNTY,GEORGIA,13,SOUTHWEST,70,DECATUR,87,,,0,,CORN,"CORN, GRAIN - YIELD, MEASURED IN BU / ACRE",TOTAL,NOT SPECIFIED,209,
SURVEY,2018,YEAR,,COUNTY,GEORGIA,13,SOUTHWEST,70,DOUGHERTY,95,,,0,,CORN,"CORN, GRAIN - YIELD, MEASURED IN BU / ACRE",TOTAL,NOT SPECIFIED,199.1,
SURVEY,2018,YEAR,,COUNTY,GEORGIA,13,SOUTHWEST,70,EARLY,99,,,0,,CORN,"CORN, GRAIN - YIELD, MEASURED IN BU / ACRE",TOTAL,NOT SPECIFIED,169.1,
SURVEY,2018,YEAR,,COUNTY,GEORGIA,13,SOUTHWEST,70,GRADY,131,,,0,,CORN,"CORN, GRAIN - YIELD, MEASURED IN BU / ACRE",TOTAL,NOT SPECIFIED,181.2,
SURVEY,2018,YEAR,,COUNTY,GEORGIA,13,SOUTHWEST,70,LEE,177,,,0,,CORN,"CORN, GRAIN - YIELD, MEASURED IN BU / ACRE",TOTAL,NOT SPECIFIED,147.1,
SURVEY,2018,YEAR,,COUNTY,GEORGIA,13,SOUTHWEST,70,MILLER,201,,,0,,CORN,"CORN, GRAIN - YIELD, MEASURED IN BU / ACRE",TOTAL,NOT SPECIFIED,193.2,
SURVEY,2018,YEAR,,COUNTY,GEORGIA,13,SOUTHWEST,70,MITCHELL,205,,,0,,CORN,"CORN, GRAIN - YIELD, MEASURED IN BU / ACRE",TOTAL,NOT SPECIFIED,203.2,
SURVEY,2018,YEAR,,COUNTY,GEORGIA,13,SOUTHWEST,70,OTHER (COMBINED) COUNTIES,,,,0,,CORN,"CORN, GRAIN - YIELD, MEASURED IN BU / ACRE",TOTAL,NOT SPECIFIED,199.5,
SURVEY,2018,YEAR,,COUNTY,GEORGIA,13,SOUTHWEST,70,RANDOLPH,243,,,0,,CORN,"CORN, GRAIN - YIELD, MEASURED IN BU / ACRE",TOTAL,NOT SPECIFIED,187.1,
SURVEY,2018,YEAR,,COUNTY,GEORGIA,13,SOUTHWEST,70,SEMINOLE,253,,,0,,CORN,"CORN, GRAIN - YIELD, MEASURED IN BU / ACRE",TOTAL,NOT SPECIFIED,198.9,
SURVEY,2018,YEAR,,COUNTY,GEORGIA,13,SOUTHWEST,70,SUMTER,261,,,0,,CORN,"CORN, GRAIN - YIELD, MEASURED IN BU / ACRE",TOTAL,NOT SPECIFIED,205.2,
SURVEY,2018,YEAR,,COUNTY,GEORGIA,13,SOUTHWEST,70,TERRELL,273,,,0,,CORN,"CORN, GRAIN - YIELD, MEASURED IN BU / ACRE",TOTAL,NOT SPECIFIED,182.2,
SURVEY,2018,YEAR,,COUNTY,GEORGIA,13,SOUTHWEST,70,THOMAS,275,,,0,,CORN,"CORN, GRAIN - YIELD, MEASURED IN BU / ACRE",TOTAL,NOT SPECIFIED,120.6,
SURVEY,2018,YEAR,,COUNTY,GEORGIA,13,SOUTHWEST,70,WEBSTER,307,,,0,,CORN,"CORN, GRAIN - YIELD, MEASURED IN BU / ACRE",TOTAL,NOT SPECIFIED,172,
SURVEY,2018,YEAR,,COUNTY,GEORGIA,13,WEST CENTRAL,40,MACON,193,,,0,,CORN,"CORN, GRAIN - YIELD, MEASURED IN BU / ACRE",TOTAL,NOT SPECIFIED,191.1,
SURVEY,2018,YEAR,,COUNTY,GEORGIA,13,WEST CENTRAL,40,MARION,197,,,0,,CORN,"CORN, GRAIN - YIELD, MEASURED IN BU / ACRE",TOTAL,NOT SPECIFIED,119.1,
SURVEY,2018,YEAR,,COUNTY,GEORGIA,13,WEST CENTRAL,40,MERIWETHER,199,,,0,,CORN,"CORN, GRAIN - YIELD, MEASURED IN BU / ACRE",TOTAL,NOT SPECIFIED,127.4,
SURVEY,2018,YEAR,,COUNTY,GEORGIA,13,WEST CENTRAL,40,OTHER (COMBINED) COUNTIES,,,,0,,CORN,"CORN, GRAIN - YIELD, MEASURED IN BU / ACRE",TOTAL,NOT SPECIFIED,165.4,
SURVEY,2018,YEAR,,COUNTY,GEORGIA,13,WEST CENTRAL,40,TAYLOR,269,,,0,,CORN,"CORN, GRAIN - YIELD, MEASURED IN BU / ACRE",TOTAL,NOT SPECIFIED,118,
SURVEY,2017,YEAR,,COUNTY,GEORGIA,13,CENTRAL,50,HOUSTON,153,,,0,,CORN,"CORN, GRAIN - YIELD, MEASURED IN BU / ACRE",TOTAL,NOT SPECIFIED,163.2,
SURVEY,2017,YEAR,,COUNTY,GEORGIA,13,CENTRAL,50,JOHNSON,167,,,0,,CORN,"CORN, GRAIN - YIELD, MEASURED IN BU / ACRE",TOTAL,NOT SPECIFIED,197.7,
SURVEY,2017,YEAR,,COUNTY,GEORGIA,13,CENTRAL,50,OTHER (COMBINED) COUNTIES,,,,0,,CORN,"CORN, GRAIN - YIELD, MEASURED IN BU / ACRE",TOTAL,NOT SPECIFIED,163.4,
SURVEY,2017,YEAR,,COUNTY,GEORGIA,13,EAST CENTRAL,60,BULLOCH,31,,,0,,CORN,"CORN, GRAIN - YIELD, MEASURED IN BU / ACRE",TOTAL,NOT SPECIFIED,121.2,
SURVEY,2017,YEAR,,COUNTY,GEORGIA,13,EAST CENTRAL,60,BURKE,33,,,0,,CORN,"CORN, GRAIN - YIELD, MEASURED IN BU / ACRE",TOTAL,NOT SPECIFIED,203.2,
SURVEY,2017,YEAR,,COUNTY,GEORGIA,13,EAST CENTRAL,60,EMANUEL,107,,,0,,CORN,"CORN, GRAIN - YIELD, MEASURED IN BU / ACRE",TOTAL,NOT SPECIFIED,125.9,
SURVEY,2017,YEAR,,COUNTY,GEORGIA,13,EAST CENTRAL,60,JEFFERSON,163,,,0,,CORN,"CORN, GRAIN - YIELD, MEASURED IN BU / ACRE",TOTAL,NOT SPECIFIED,204.9,
SURVEY,2017,YEAR,,COUNTY,GEORGIA,13,EAST CENTRAL,60,JENKINS,165,,,0,,CORN,"CORN, GRAIN - YIELD, MEASURED IN BU / ACRE",TOTAL,NOT SPECIFIED,214.7,
SURVEY,2017,YEAR,,COUNTY,GEORGIA,13,EAST CENTRAL,60,OTHER (COMBINED) COUNTIES,,,,0,,CORN,"CORN, GRAIN - YIELD, MEASURED IN BU / ACRE",TOTAL,NOT SPECIFIED,102.5,
SURVEY,2017,YEAR,,COUNTY,GEORGIA,13,EAST CENTRAL,60,SCREVEN,251,,,0,,CORN,"CORN, GRAIN - YIELD, MEASURED IN BU / ACRE",TOTAL,NOT SPECIFIED,190.9,
SURVEY,2017,YEAR,,COUNTY,GEORGIA,13,NORTH CENTRAL,20,HALL,139,,,0,,CORN,"CORN, GRAIN - YIELD, MEASURED IN BU / ACRE",TOTAL,NOT SPECIFIED,125,
SURVEY,2017,YEAR,,COUNTY,GEORGIA,13,NORTH CENTRAL,20,OTHER (COMBINED) COUNTIES,,,,0,,CORN,"CORN, GRAIN - YIELD, MEASURED IN BU / ACRE",TOTAL,NOT SPECIFIED,138.8,
SURVEY,2017,YEAR,,COUNTY,GEORGIA,13,NORTHEAST,30,HABERSHAM,137,,,0,,CORN,"CORN, GRAIN - YIELD, MEASURED IN BU / ACRE",TOTAL,NOT SPECIFIED,129.5,
SURVEY,2017,YEAR,,COUNTY,GEORGIA,13,NORTHEAST,30,OTHER (COMBINED) COUNTIES,,,,0,,CORN,"CORN, GRAIN - YIELD, MEASURED IN BU / ACRE",TOTAL,NOT SPECIFIED,163.4,
SURVEY,2017,YEAR,,COUNTY,GEORGIA,13,NORTHWEST,10,BARTOW,15,,,0,,CORN,"CORN, GRAIN - YIELD, MEASURED IN BU / ACRE",TOTAL,NOT SPECIFIED,149,
SURVEY,2017,YEAR,,COUNTY,GEORGIA,13,NORTHWEST,10,CHATTOOGA,55,,,0,,CORN,"CORN, GRAIN - YIELD, MEASURED IN BU / ACRE",TOTAL,NOT SPECIFIED,164.2,
SURVEY,2017,YEAR,,COUNTY,GEORGIA,13,NORTHWEST,10,GORDON,129,,,0,,CORN,"CORN, GRAIN - YIELD, MEASURED IN BU / ACRE",TOTAL,NOT SPECIFIED,98.5,
SURVEY,2017,YEAR,,COUNTY,GEORGIA,13,NORTHWEST,10,OTHER (COMBINED) COUNTIES,,,,0,,CORN,"CORN, GRAIN - YIELD, MEASURED IN BU / ACRE",TOTAL,NOT SPECIFIED,122.8,
SURVEY,2017,YEAR,,COUNTY,GEORGIA,13,NORTHWEST,10,POLK,233,,,0,,CORN,"CORN, GRAIN - YIELD, MEASURED IN BU / ACRE",TOTAL,NOT SPECIFIED,167.1,
SURVEY,2017,YEAR,,COUNTY,GEORGIA,13,SOUTH CENTRAL,80,ATKINSON,3,,,0,,CORN,"CORN, GRAIN - YIELD, MEASURED IN BU / ACRE",TOTAL,NOT SPECIFIED,192.3,
SURVEY,2017,YEAR,,COUNTY,GEORGIA,13,SOUTH CENTRAL,80,BERRIEN,19,,,0,,CORN,"CORN, GRAIN - YIELD, MEASURED IN BU / ACRE",TOTAL,NOT SPECIFIED,173.9,
SURVEY,2017,YEAR,,COUNTY,GEORGIA,13,SOUTH CENTRAL,80,BROOKS,27,,,0,,CORN,"CORN, GRAIN - YIELD, MEASURED IN BU / ACRE",TOTAL,NOT SPECIFIED,143.6,
SURVEY,2017,YEAR,,COUNTY,GEORGIA,13,SOUTH CENTRAL,80,COFFEE,69,,,0,,CORN,"CORN, GRAIN - YIELD, MEASURED IN BU / ACRE",TOTAL,NOT SPECIFIED,171.1,
SURVEY,2017,YEAR,,COUNTY,GEORGIA,13,SOUTH CENTRAL,80,COLQUITT,71,,,0,,CORN,"CORN, GRAIN - YIELD, MEASURED IN BU / ACRE",TOTAL,NOT SPECIFIED,195.5,
SURVEY,2017,YEAR,,COUNTY,GEORGIA,13,SOUTH CENTRAL,80,COOK,75,,,0,,CORN,"CORN, GRAIN - YIELD, MEASURED IN BU / ACRE",TOTAL,NOT SPECIFIED,169,
SURVEY,2017,YEAR,,COUNTY,GEORGIA,13,SOUTH CENTRAL,80,IRWIN,155,,,0,,CORN,"CORN, GRAIN - YIELD, MEASURED IN BU / ACRE",TOTAL,NOT SPECIFIED,169.1,
SURVEY,2017,YEAR,,COUNTY,GEORGIA,13,SOUTH CENTRAL,80,JEFF DAVIS,161,,,0,,CORN,"CORN, GRAIN - YIELD, MEASURED IN BU / ACRE",TOTAL,NOT SPECIFIED,104.7,
SURVEY,2017,YEAR,,COUNTY,GEORGIA,13,SOUTH CENTRAL,80,OTHER (COMBINED) COUNTIES,,,,0,,CORN,"CORN, GRAIN - YIELD, MEASURED IN BU / ACRE",TOTAL,NOT SPECIFIED,154.3,
SURVEY,2017,YEAR,,COUNTY,GEORGIA,13,SOUTH CENTRAL,80,TURNER,287,,,0,,CORN,"CORN, GRAIN - YIELD, MEASURED IN BU / ACRE",TOTAL,NOT SPECIFIED,200,
SURVEY,2017,YEAR,,COUNTY,GEORGIA,13,SOUTH CENTRAL,80,WORTH,321,,,0,,CORN,"CORN, GRAIN - YIELD, MEASURED IN BU / ACRE",TOTAL,NOT SPECIFIED,190.3,
SURVEY,2017,YEAR,,COUNTY,GEORGIA,13,SOUTHEAST,90,APPLING,1,,,0,,CORN,"CORN, GRAIN - YIELD, MEASURED IN BU / ACRE",TOTAL,NOT SPECIFIED,135,
SURVEY,2017,YEAR,,COUNTY,GEORGIA,13,SOUTHEAST,90,BACON,5,,,0,,CORN,"CORN, GRAIN - YIELD, MEASURED IN BU / ACRE",TOTAL,NOT SPECIFIED,143.9,
SURVEY,2017,YEAR,,COUNTY,GEORGIA,13,SOUTHEAST,90,OTHER (COMBINED) COUNTIES,,,,0,,CORN,"CORN, GRAIN - YIELD, MEASURED IN BU / ACRE",TOTAL,NOT SPECIFIED,148.1,
SURVEY,2017,YEAR,,COUNTY,GEORGIA,13,SOUTHEAST,90,PIERCE,229,,,0,,CORN,"CORN, GRAIN - YIELD, MEASURED IN BU / ACRE",TOTAL,NOT SPECIFIED,159.2,
SURVEY,2017,YEAR,,COUNTY,GEORGIA,13,SOUTHEAST,90,WARE,299,,,0,,CORN,"CORN, GRAIN - YIELD, MEASURED IN BU / ACRE",TOTAL,NOT SPECIFIED,102,
SURVEY,2017,YEAR,,COUNTY,GEORGIA,13,SOUTHWEST,70,BAKER,7,,,0,,CORN,"CORN, GRAIN - YIELD, MEASURED IN BU / ACRE",TOTAL,NOT SPECIFIED,195.1,
SURVEY,2017,YEAR,,COUNTY,GEORGIA,13,SOUTHWEST,70,CALHOUN,37,,,0,,CORN,"CORN, GRAIN - YIELD, MEASURED IN BU / ACRE",TOTAL,NOT SPECIFIED,220.5,
SURVEY,2017,YEAR,,COUNTY,GEORGIA,13,SOUTHWEST,70,CLAY,61,,,0,,CORN,"CORN, GRAIN - YIELD, MEASURED IN BU / ACRE",TOTAL,NOT SPECIFIED,182,
SURVEY,2017,YEAR,,COUNTY,GEORGIA,13,SOUTHWEST,70,DECATUR,87,,,0,,CORN,"CORN, GRAIN - YIELD, MEASURED IN BU / ACRE",TOTAL,NOT SPECIFIED,192,
SURVEY,2017,YEAR,,COUNTY,GEORGIA,13,SOUTHWEST,70,EARLY,99,,,0,,CORN,"CORN, GRAIN - YIELD, MEASURED IN BU / ACRE",TOTAL,NOT SPECIFIED,184.5,
SURVEY,2017,YEAR,,COUNTY,GEORGIA,13,SOUTHWEST,70,GRADY,131,,,0,,CORN,"CORN, GRAIN - YIELD, MEASURED IN BU / ACRE",TOTAL,NOT SPECIFIED,149.6,
SURVEY,2017,YEAR,,COUNTY,GEORGIA,13,SOUTHWEST,70,MILLER,201,,,0,,CORN,"CORN, GRAIN - YIELD, MEASURED IN BU / ACRE",TOTAL,NOT SPECIFIED,203,
SURVEY,2017,YEAR,,COUNTY,GEORGIA,13,SOUTHWEST,70,MITCHELL,205,,,0,,CORN,"CORN, GRAIN - YIELD, MEASURED IN BU / ACRE",TOTAL,NOT SPECIFIED,190.1,
SURVEY,2017,YEAR,,COUNTY,GEORGIA,13,SOUTHWEST,70,OTHER (COMBINED) COUNTIES,,,,0,,CORN,"CORN, GRAIN - YIELD, MEASURED IN BU / ACRE",TOTAL,NOT SPECIFIED,171.3,
SURVEY,2017,YEAR,,COUNTY,GEORGIA,13,SOUTHWEST,70,RANDOLPH,243,,,0,,CORN,"CORN, GRAIN - YIELD, MEASURED IN BU / ACRE",TOTAL,NOT SPECIFIED,204,
SURVEY,2017,YEAR,,COUNTY,GEORGIA,13,SOUTHWEST,70,SEMINOLE,253,,,0,,CORN,"CORN, GRAIN - YIELD, MEASURED IN BU / ACRE",TOTAL,NOT SPECIFIED,216,
SURVEY,2017,YEAR,,COUNTY,GEORGIA,13,SOUTHWEST,70,TERRELL,273,,,0,,CORN,"CORN, GRAIN - YIELD, MEASURED IN BU / ACRE",TOTAL,NOT SPECIFIED,198.9,
SURVEY,2017,YEAR,,COUNTY,GEORGIA,13,SOUTHWEST,70,THOMAS,275,,,0,,CORN,"CORN, GRAIN - YIELD, MEASURED IN BU / ACRE",TOTAL,NOT SPECIFIED,112.6,
SURVEY,2017,YEAR,,COUNTY,GEORGIA,13,WEST CENTRAL,40,MACON,193,,,0,,CORN,"CORN, GRAIN - YIELD, MEASURED IN BU / ACRE",TOTAL,NOT SPECIFIED,141.5,
SURVEY,2017,YEAR,,COUNTY,GEORGIA,13,WEST CENTRAL,40,MARION,197,,,0,,CORN,"CORN, GRAIN - YIELD, MEASURED IN BU / ACRE",TOTAL,NOT SPECIFIED,150,
SURVEY,2017,YEAR,,COUNTY,GEORGIA,13,WEST CENTRAL,40,OTHER (COMBINED) COUNTIES,,,,0,,CORN,"CORN, GRAIN - YIELD, MEASURED IN BU / ACRE",TOTAL,NOT SPECIFIED,140.4,
SURVEY,2016,YEAR,,COUNTY,GEORGIA,13,CENTRAL,50,HOUSTON,153,,,0,,CORN,"CORN, GRAIN - YIELD, MEASURED IN BU / ACRE",TOTAL,NOT SPECIFIED,143.8,
SURVEY,2016,YEAR,,COUNTY,GEORGIA,13,CENTRAL,50,JOHNSON,167,,,0,,CORN,"CORN, GRAIN - YIELD, MEASURED IN BU / ACRE",TOTAL,NOT SPECIFIED,183.9,
SURVEY,2016,YEAR,,COUNTY,GEORGIA,13,CENTRAL,50,OTHER (COMBINED) COUNTIES,,,,0,,CORN,"CORN, GRAIN - YIELD, MEASURED IN BU / ACRE",TOTAL,NOT SPECIFIED,154.6,
SURVEY,2016,YEAR,,COUNTY,GEORGIA,13,CENTRAL,50,PEACH,225,,,0,,CORN,"CORN, GRAIN - YIELD, MEASURED IN BU / ACRE",TOTAL,NOT SPECIFIED,175.5,
SURVEY,2016,YEAR,,COUNTY,GEORGIA,13,EAST CENTRAL,60,BURKE,33,,,0,,CORN,"CORN, GRAIN - YIELD, MEASURED IN BU / ACRE",TOTAL,NOT SPECIFIED,186.8,
SURVEY,2016,YEAR,,COUNTY,GEORGIA,13,EAST CENTRAL,60,EMANUEL,107,,,0,,CORN,"CORN, GRAIN - YIELD, MEASURED IN BU / ACRE",TOTAL,NOT SPECIFIED,145.9,
SURVEY,2016,YEAR,,COUNTY,GEORGIA,13,EAST CENTRAL,60,JEFFERSON,163,,,0,,CORN,"CORN, GRAIN - YIELD, MEASURED IN BU / ACRE",TOTAL,NOT SPECIFIED,202.9,
SURVEY,2016,YEAR,,COUNTY,GEORGIA,13,EAST CENTRAL,60,JENKINS,165,,,0,,CORN,"CORN, GRAIN - YIELD, MEASURED IN BU / ACRE",TOTAL,NOT SPECIFIED,164.6,
SURVEY,2016,YEAR,,COUNTY,GEORGIA,13,EAST CENTRAL,60,OTHER (COMBINED) COUNTIES,,,,0,,CORN,"CORN, GRAIN - YIELD, MEASURED IN BU / ACRE",TOTAL,NOT SPECIFIED,101,
SURVEY,2016,YEAR,,COUNTY,GEORGIA,13,EAST CENTRAL,60,SCREVEN,251,,,0,,CORN,"CORN, GRAIN - YIELD, MEASURED IN BU / ACRE",TOTAL,NOT SPECIFIED,163.5,
SURVEY,2016,YEAR,,COUNTY,GEORGIA,13,NORTH CENTRAL,20,OTHER (COMBINED) COUNTIES,,,,0,,CORN,"CORN, GRAIN - YIELD, MEASURED IN BU / ACRE",TOTAL,NOT SPECIFIED,128.4,
SURVEY,2016,YEAR,,COUNTY,GEORGIA,13,NORTHEAST,30,FRANKLIN,119,,,0,,CORN,"CORN, GRAIN - YIELD, MEASURED IN BU / ACRE",TOTAL,NOT SPECIFIED,118,
SURVEY,2016,YEAR,,COUNTY,GEORGIA,13,NORTHEAST,30,HABERSHAM,137,,,0,,CORN,"CORN, GRAIN - YIELD, MEASURED IN BU / ACRE",TOTAL,NOT SPECIFIED,87,
SURVEY,2016,YEAR,,COUNTY,GEORGIA,13,NORTHEAST,30,HART,147,,,0,,CORN,"CORN, GRAIN - YIELD, MEASURED IN BU / ACRE",TOTAL,NOT SPECIFIED,127,
SURVEY,2016,YEAR,,COUNTY,GEORGIA,13,NORTHEAST,30,OTHER (COMBINED) COUNTIES,,,,0,,CORN,"CORN, GRAIN - YIELD, MEASURED IN BU / ACRE",TOTAL,NOT SPECIFIED,101,
SURVEY,2016,YEAR,,COUNTY,GEORGIA,13,NORTHWEST,10,FLOYD,115,,,0,,CORN,"CORN, GRAIN - YIELD, MEASURED IN BU / ACRE",TOTAL,NOT SPECIFIED,86.4,
SURVEY,2016,YEAR,,COUNTY,GEORGIA,13,NORTHWEST,10,GORDON,129,,,0,,CORN,"CORN, GRAIN - YIELD, MEASURED IN BU / ACRE",TOTAL,NOT SPECIFIED,43,
SURVEY,2016,YEAR,,COUNTY,GEORGIA,13,NORTHWEST,10,OTHER (COMBINED) COUNTIES,,,,0,,CORN,"CORN, GRAIN - YIELD, MEASURED IN BU / ACRE",TOTAL,NOT SPECIFIED,90.3,
SURVEY,2016,YEAR,,COUNTY,GEORGIA,13,NORTHWEST,10,POLK,233,,,0,,CORN,"CORN, GRAIN - YIELD, MEASURED IN BU / ACRE",TOTAL,NOT SPECIFIED,118.5,
SURVEY,2016,YEAR,,COUNTY,GEORGIA,13,SOUTH CENTRAL,80,ATKINSON,3,,,0,,CORN,"CORN, GRAIN - YIELD, MEASURED IN BU / ACRE",TOTAL,NOT SPECIFIED,123.5,
SURVEY,2016,YEAR,,COUNTY,GEORGIA,13,SOUTH CENTRAL,80,COFFEE,69,,,0,,CORN,"CORN, GRAIN - YIELD, MEASURED IN BU / ACRE",TOTAL,NOT SPECIFIED,162.9,
SURVEY,2016,YEAR,,COUNTY,GEORGIA,13,SOUTH CENTRAL,80,COLQUITT,71,,,0,,CORN,"CORN, GRAIN - YIELD, MEASURED IN BU / ACRE",TOTAL,NOT SPECIFIED,179.3,
SURVEY,2016,YEAR,,COUNTY,GEORGIA,13,SOUTH CENTRAL,80,COOK,75,,,0,,CORN,"CORN, GRAIN - YIELD, MEASURED IN BU / ACRE",TOTAL,NOT SPECIFIED,165.6,
SURVEY,2016,YEAR,,COUNTY,GEORGIA,13,SOUTH CENTRAL,80,IRWIN,155,,,0,,CORN,"CORN, GRAIN - YIELD, MEASURED IN BU / ACRE",TOTAL,NOT SPECIFIED,187.5,
SURVEY,2016,YEAR,,COUNTY,GEORGIA,13,SOUTH CENTRAL,80,JEFF DAVIS,161,,,0,,CORN,"CORN, GRAIN - YIELD, MEASURED IN BU / ACRE",TOTAL,NOT SPECIFIED,174.1,
SURVEY,2016,YEAR,,COUNTY,GEORGIA,13,SOUTH CENTRAL,80,LANIER,173,,,0,,CORN,"CORN, GRAIN - YIELD, MEASURED IN BU / ACRE",TOTAL,NOT SPECIFIED,154.4,
SURVEY,2016,YEAR,,COUNTY,GEORGIA,13,SOUTH CENTRAL,80,OTHER (COMBINED) COUNTIES,,,,0,,CORN,"CORN, GRAIN - YIELD, MEASURED IN BU / ACRE",TOTAL,NOT SPECIFIED,161.6,
SURVEY,2016,YEAR,,COUNTY,GEORGIA,13,SOUTH CENTRAL,80,WILCOX,315,,,0,,CORN,"CORN, GRAIN - YIELD, MEASURED IN BU / ACRE",TOTAL,NOT SPECIFIED,190,
SURVEY,2016,YEAR,,COUNTY,GEORGIA,13,SOUTH CENTRAL,80,WORTH,321,,,0,,CORN,"CORN, GRAIN - YIELD, MEASURED IN BU / ACRE",TOTAL,NOT SPECIFIED,170,
SURVEY,2016,YEAR,,COUNTY,GEORGIA,13,SOUTHEAST,90,APPLING,1,,,0,,CORN,"CORN, GRAIN - YIELD, MEASURED IN BU / ACRE",TOTAL,NOT SPECIFIED,201.5,
SURVEY,2016,YEAR,,COUNTY,GEORGIA,13,SOUTHEAST,90,BACON,5,,,0,,CORN,"CORN, GRAIN - YIELD, MEASURED IN BU / ACRE",TOTAL,NOT SPECIFIED,145,
SURVEY,2016,YEAR,,COUNTY,GEORGIA,13,SOUTHEAST,90,OTHER (COMBINED) COUNTIES,,,,0,,CORN,"CORN, GRAIN - YIELD, MEASURED IN BU / ACRE",TOTAL,NOT SPECIFIED,127.1,
SURVEY,2016,YEAR,,COUNTY,GEORGIA,13,SOUTHEAST,90,PIERCE,229,,,0,,CORN,"CORN, GRAIN - YIELD, MEASURED IN BU / ACRE",TOTAL,NOT SPECIFIED,131.2,
SURVEY,2016,YEAR,,COUNTY,GEORGIA,13,SOUTHEAST,90,TATTNALL,267,,,0,,CORN,"CORN, GRAIN - YIELD, MEASURED IN BU / ACRE",TOTAL,NOT SPECIFIED,186.2,
SURVEY,2016,YEAR,,COUNTY,GEORGIA,13,SOUTHEAST,90,WARE,299,,,0,,CORN,"CORN, GRAIN - YIELD, MEASURED IN BU / ACRE",TOTAL,NOT SPECIFIED,145.3,
SURVEY,2016,YEAR,,COUNTY,GEORGIA,13,SOUTHWEST,70,BAKER,7,,,0,,CORN,"CORN, GRAIN - YIELD, MEASURED IN BU / ACRE",TOTAL,NOT SPECIFIED,184.6,
SURVEY,2016,YEAR,,COUNTY,GEORGIA,13,SOUTHWEST,70,CALHOUN,37,,,0,,CORN,"CORN, GRAIN - YIELD, MEASURED IN BU / ACRE",TOTAL,NOT SPECIFIED,197.2,
SURVEY,2016,YEAR,,COUNTY,GEORGIA,13,SOUTHWEST,70,DECATUR,87,,,0,,CORN,"CORN, GRAIN - YIELD, MEASURED IN BU / ACRE",TOTAL,NOT SPECIFIED,192.6,
SURVEY,2016,YEAR,,COUNTY,GEORGIA,13,SOUTHWEST,70,GRADY,131,,,0,,CORN,"CORN, GRAIN - YIELD, MEASURED IN BU / ACRE",TOTAL,NOT SPECIFIED,147.9,
SURVEY,2016,YEAR,,COUNTY,GEORGIA,13,SOUTHWEST,70,MILLER,201,,,0,,CORN,"CORN, GRAIN - YIELD, MEASURED IN BU / ACRE",TOTAL,NOT SPECIFIED,178.5,
SURVEY,2016,YEAR,,COUNTY,GEORGIA,13,SOUTHWEST,70,MITCHELL,205,,,0,,CORN,"CORN, GRAIN - YIELD, MEASURED IN BU / ACRE",TOTAL,NOT SPECIFIED,192.1,
SURVEY,2016,YEAR,,COUNTY,GEORGIA,13,SOUTHWEST,70,OTHER (COMBINED) COUNTIES,,,,0,,CORN,"CORN, GRAIN - YIELD, MEASURED IN BU / ACRE",TOTAL,NOT SPECIFIED,166.7,
SURVEY,2016,YEAR,,COUNTY,GEORGIA,13,SOUTHWEST,70,SEMINOLE,253,,,0,,CORN,"CORN, GRAIN - YIELD, MEASURED IN BU / ACRE",TOTAL,NOT SPECIFIED,205,
SURVEY,2016,YEAR,,COUNTY,GEORGIA,13,SOUTHWEST,70,SUMTER,261,,,0,,CORN,"CORN, GRAIN - YIELD, MEASURED IN BU / ACRE",TOTAL,NOT SPECIFIED,192.1,
SURVEY,2016,YEAR,,COUNTY,GEORGIA,13,SOUTHWEST,70,TERRELL,273,,,0,,CORN,"CORN, GRAIN - YIELD, MEASURED IN BU / ACRE",TOTAL,NOT SPECIFIED,161.9,
SURVEY,2016,YEAR,,COUNTY,GEORGIA,13,SOUTHWEST,70,THOMAS,275,,,0,,CORN,"CORN, GRAIN - YIELD, MEASURED IN BU / ACRE",TOTAL,NOT SPECIFIED,130.6,
SURVEY,2016,YEAR,,COUNTY,GEORGIA,13,WEST CENTRAL,40,MACON,193,,,0,,CORN,"CORN, GRAIN - YIELD, MEASURED IN BU / ACRE",TOTAL,NOT SPECIFIED,168.6,
SURVEY,2016,YEAR,,COUNTY,GEORGIA,13,WEST CENTRAL,40,MARION,197,,,0,,CORN,"CORN, GRAIN - YIELD, MEASURED IN BU / ACRE",TOTAL,NOT SPECIFIED,88.4,
SURVEY,2016,YEAR,,COUNTY,GEORGIA,13,WEST CENTRAL,40,OTHER (COMBINED) COUNTIES,,,,0,,CORN,"CORN, GRAIN - YIELD, MEASURED IN BU / ACRE",TOTAL,NOT SPECIFIED,91.5,
SURVEY,2015,YEAR,,COUNTY,GEORGIA,13,CENTRAL,50,BLECKLEY,23,,,0,,CORN,"CORN, GRAIN - YIELD, MEASURED IN BU / ACRE",TOTAL,NOT SPECIFIED,191.9,
SURVEY,2015,YEAR,,COUNTY,GEORGIA,13,CENTRAL,50,JOHNSON,167,,,0,,CORN,"CORN, GRAIN - YIELD, MEASURED IN BU / ACRE",TOTAL,NOT SPECIFIED,193.3,
SURVEY,2015,YEAR,,COUNTY,GEORGIA,13,CENTRAL,50,OTHER (COMBINED) COUNTIES,,,,0,,CORN,"CORN, GRAIN - YIELD, MEASURED IN BU / ACRE",TOTAL,NOT SPECIFIED,144.7,
SURVEY,2015,YEAR,,COUNTY,GEORGIA,13,EAST CENTRAL,60,BURKE,33,,,0,,CORN,"CORN, GRAIN - YIELD, MEASURED IN BU / ACRE",TOTAL,NOT SPECIFIED,188.4,
SURVEY,2015,YEAR,,COUNTY,GEORGIA,13,EAST CENTRAL,60,EMANUEL,107,,,0,,CORN,"CORN, GRAIN - YIELD, MEASURED IN BU / ACRE",TOTAL,NOT SPECIFIED,131.4,
SURVEY,2015,YEAR,,COUNTY,GEORGIA,13,EAST CENTRAL,60,JEFFERSON,163,,,0,,CORN,"CORN, GRAIN - YIELD, MEASURED IN BU / ACRE",TOTAL,NOT SPECIFIED,204.2,
SURVEY,2015,YEAR,,COUNTY,GEORGIA,13,EAST CENTRAL,60,JENKINS,165,,,0,,CORN,"CORN, GRAIN - YIELD, MEASURED IN BU / ACRE",TOTAL,NOT SPECIFIED,189.1,
SURVEY,2015,YEAR,,COUNTY,GEORGIA,13,EAST CENTRAL,60,OTHER (COMBINED) COUNTIES,,,,0,,CORN,"CORN, GRAIN - YIELD, MEASURED IN BU / ACRE",TOTAL,NOT SPECIFIED,149.3,
SURVEY,2015,YEAR,,COUNTY,GEORGIA,13,EAST CENTRAL,60,SCREVEN,251,,,0,,CORN,"CORN, GRAIN - YIELD, MEASURED IN BU / ACRE",TOTAL,NOT SPECIFIED,178.5,
SURVEY,2015,YEAR,,COUNTY,GEORGIA,13,NORTH CENTRAL,20,HALL,139,,,0,,CORN,"CORN, GRAIN - YIELD, MEASURED IN BU / ACRE",TOTAL,NOT SPECIFIED,97.2,
SURVEY,2015,YEAR,,COUNTY,GEORGIA,13,NORTH CENTRAL,20,OTHER (COMBINED) COUNTIES,,,,0,,CORN,"CORN, GRAIN - YIELD, MEASURED IN BU / ACRE",TOTAL,NOT SPECIFIED,141.4,
SURVEY,2015,YEAR,,COUNTY,GEORGIA,13,NORTHEAST,30,HART,147,,,0,,CORN,"CORN, GRAIN - YIELD, MEASURED IN BU / ACRE",TOTAL,NOT SPECIFIED,154.1,
SURVEY,2015,YEAR,,COUNTY,GEORGIA,13,NORTHEAST,30,OTHER (COMBINED) COUNTIES,,,,0,,CORN,"CORN, GRAIN - YIELD, MEASURED IN BU / ACRE",TOTAL,NOT SPECIFIED,103.7,
SURVEY,2015,YEAR,,COUNTY,GEORGIA,13,NORTHWEST,10,BARTOW,15,,,0,,CORN,"CORN, GRAIN - YIELD, MEASURED IN BU / ACRE",TOTAL,NOT SPECIFIED,119,
SURVEY,2015,YEAR,,COUNTY,GEORGIA,13,NORTHWEST,10,CHATTOOGA,55,,,0,,CORN,"CORN, GRAIN - YIELD, MEASURED IN BU / ACRE",TOTAL,NOT SPECIFIED,147.4,
SURVEY,2015,YEAR,,COUNTY,GEORGIA,13,NORTHWEST,10,GORDON,129,,,0,,CORN,"CORN, GRAIN - YIELD, MEASURED IN BU / ACRE",TOTAL,NOT SPECIFIED,143.4,
SURVEY,2015,YEAR,,COUNTY,GEORGIA,13,NORTHWEST,10,OTHER (COMBINED) COUNTIES,,,,0,,CORN,"CORN, GRAIN - YIELD, MEASURED IN BU / ACRE",TOTAL,NOT SPECIFIED,96.1,
SURVEY,2015,YEAR,,COUNTY,GEORGIA,13,NORTHWEST,10,WALKER,295,,,0,,CORN,"CORN, GRAIN - YIELD, MEASURED IN BU / ACRE",TOTAL,NOT SPECIFIED,140,
SURVEY,2015,YEAR,,COUNTY,GEORGIA,13,SOUTH CENTRAL,80,ATKINSON,3,,,0,,CORN,"CORN, GRAIN - YIELD, MEASURED IN BU / ACRE",TOTAL,NOT SPECIFIED,163.3,
SURVEY,2015,YEAR,,COUNTY,GEORGIA,13,SOUTH CENTRAL,80,BEN HILL,17,,,0,,CORN,"CORN, GRAIN - YIELD, MEASURED IN BU / ACRE",TOTAL,NOT SPECIFIED,169.2,
SURVEY,2015,YEAR,,COUNTY,GEORGIA,13,SOUTH CENTRAL,80,BERRIEN,19,,,0,,CORN,"CORN, GRAIN - YIELD, MEASURED IN BU / ACRE",TOTAL,NOT SPECIFIED,172.7,
SURVEY,2015,YEAR,,COUNTY,GEORGIA,13,SOUTH CENTRAL,80,CLINCH,65,,,0,,CORN,"CORN, GRAIN - YIELD, MEASURED IN BU / ACRE",TOTAL,NOT SPECIFIED,41.3,
SURVEY,2015,YEAR,,COUNTY,GEORGIA,13,SOUTH CENTRAL,80,COFFEE,69,,,0,,CORN,"CORN, GRAIN - YIELD, MEASURED IN BU / ACRE",TOTAL,NOT SPECIFIED,159.8,
SURVEY,2015,YEAR,,COUNTY,GEORGIA,13,SOUTH CENTRAL,80,COLQUITT,71,,,0,,CORN,"CORN, GRAIN - YIELD, MEASURED IN BU / ACRE",TOTAL,NOT SPECIFIED,177.1,
SURVEY,2015,YEAR,,COUNTY,GEORGIA,13,SOUTH CENTRAL,80,IRWIN,155,,,0,,CORN,"CORN, GRAIN - YIELD, MEASURED IN BU / ACRE",TOTAL,NOT SPECIFIED,174.6,
SURVEY,2015,YEAR,,COUNTY,GEORGIA,13,SOUTH CENTRAL,80,LANIER,173,,,0,,CORN,"CORN, GRAIN - YIELD, MEASURED IN BU / ACRE",TOTAL,NOT SPECIFIED,111.7,
SURVEY,2015,YEAR,,COUNTY,GEORGIA,13,SOUTH CENTRAL,80,OTHER (COMBINED) COUNTIES,,,,0,,CORN,"CORN, GRAIN - YIELD, MEASURED IN BU / ACRE",TOTAL,NOT SPECIFIED,146.6,
SURVEY,2015,YEAR,,COUNTY,GEORGIA,13,SOUTH CENTRAL,80,TIFT,277,,,0,,CORN,"CORN, GRAIN - YIELD, MEASURED IN BU / ACRE",TOTAL,NOT SPECIFIED,194.1,
SURVEY,2015,YEAR,,COUNTY,GEORGIA,13,SOUTH CENTRAL,80,TURNER,287,,,0,,CORN,"CORN, GRAIN - YIELD, MEASURED IN BU / ACRE",TOTAL,NOT SPECIFIED,188.5,
SURVEY,2015,YEAR,,COUNTY,GEORGIA,13,SOUTH CENTRAL,80,WILCOX,315,,,0,,CORN,"CORN, GRAIN - YIELD, MEASURED IN BU / ACRE",TOTAL,NOT SPECIFIED,202.3,
SURVEY,2015,YEAR,,COUNTY,GEORGIA,13,SOUTH CENTRAL,80,WORTH,321,,,0,,CORN,"CORN, GRAIN - YIELD, MEASURED IN BU / ACRE",TOTAL,NOT SPECIFIED,203.5,
SURVEY,2015,YEAR,,COUNTY,GEORGIA,13,SOUTHEAST,90,APPLING,1,,,0,,CORN,"CORN, GRAIN - YIELD, MEASURED IN BU / ACRE",TOTAL,NOT SPECIFIED,142.4,
SURVEY,2015,YEAR,,COUNTY,GEORGIA,13,SOUTHEAST,90,BRANTLEY,25,,,0,,CORN,"CORN, GRAIN - YIELD, MEASURED IN BU / ACRE",TOTAL,NOT SPECIFIED,73.3,
SURVEY,2015,YEAR,,COUNTY,GEORGIA,13,SOUTHEAST,90,EVANS,109,,,0,,CORN,"CORN, GRAIN - YIELD, MEASURED IN BU / ACRE",TOTAL,NOT SPECIFIED,113,
SURVEY,2015,YEAR,,COUNTY,GEORGIA,13,SOUTHEAST,90,OTHER (COMBINED) COUNTIES,,,,0,,CORN,"CORN, GRAIN - YIELD, MEASURED IN BU / ACRE",TOTAL,NOT SPECIFIED,101.2,
SURVEY,2015,YEAR,,COUNTY,GEORGIA,13,SOUTHEAST,90,PIERCE,229,,,0,,CORN,"CORN, GRAIN - YIELD, MEASURED IN BU / ACRE",TOTAL,NOT SPECIFIED,169.1,
SURVEY,2015,YEAR,,COUNTY,GEORGIA,13,SOUTHEAST,90,TATTNALL,267,,,0,,CORN,"CORN, GRAIN - YIELD, MEASURED IN BU / ACRE",TOTAL,NOT SPECIFIED,143.1,
SURVEY,2015,YEAR,,COUNTY,GEORGIA,13,SOUTHEAST,90,TOOMBS,279,,,0,,CORN,"CORN, GRAIN - YIELD, MEASURED IN BU / ACRE",TOTAL,NOT SPECIFIED,180,
SURVEY,2015,YEAR,,COUNTY,GEORGIA,13,SOUTHEAST,90,WARE,299,,,0,,CORN,"CORN, GRAIN - YIELD, MEASURED IN BU / ACRE",TOTAL,NOT SPECIFIED,156.2,
SURVEY,2015,YEAR,,COUNTY,GEORGIA,13,SOUTHEAST,90,WAYNE,305,,,0,,CORN,"CORN, GRAIN - YIELD, MEASURED IN BU / ACRE",TOTAL,NOT SPECIFIED,123.6,
SURVEY,2015,YEAR,,COUNTY,GEORGIA,13,SOUTHWEST,70,BAKER,7,,,0,,CORN,"CORN, GRAIN - YIELD, MEASURED IN BU / ACRE",TOTAL,NOT SPECIFIED,180.4,
SURVEY,2015,YEAR,,COUNTY,GEORGIA,13,SOUTHWEST,70,CALHOUN,37,,,0,,CORN,"CORN, GRAIN - YIELD, MEASURED IN BU / ACRE",TOTAL,NOT SPECIFIED,223,
SURVEY,2015,YEAR,,COUNTY,GEORGIA,13,SOUTHWEST,70,CLAY,61,,,0,,CORN,"CORN, GRAIN - YIELD, MEASURED IN BU / ACRE",TOTAL,NOT SPECIFIED,180,
SURVEY,2015,YEAR,,COUNTY,GEORGIA,13,SOUTHWEST,70,DECATUR,87,,,0,,CORN,"CORN, GRAIN - YIELD, MEASURED IN BU / ACRE",TOTAL,NOT SPECIFIED,181.7,
SURVEY,2015,YEAR,,COUNTY,GEORGIA,13,SOUTHWEST,70,DOUGHERTY,95,,,0,,CORN,"CORN, GRAIN - YIELD, MEASURED IN BU / ACRE",TOTAL,NOT SPECIFIED,213.8,
SURVEY,2015,YEAR,,COUNTY,GEORGIA,13,SOUTHWEST,70,GRADY,131,,,0,,CORN,"CORN, GRAIN - YIELD, MEASURED IN BU / ACRE",TOTAL,NOT SPECIFIED,134.3,
SURVEY,2015,YEAR,,COUNTY,GEORGIA,13,SOUTHWEST,70,MILLER,201,,,0,,CORN,"CORN, GRAIN - YIELD, MEASURED IN BU / ACRE",TOTAL,NOT SPECIFIED,199.6,
SURVEY,2015,YEAR,,COUNTY,GEORGIA,13,SOUTHWEST,70,MITCHELL,205,,,0,,CORN,"CORN, GRAIN - YIELD, MEASURED IN BU / ACRE",TOTAL,NOT SPECIFIED,184.5,
SURVEY,2015,YEAR,,COUNTY,GEORGIA,13,SOUTHWEST,70,OTHER (COMBINED) COUNTIES,,,,0,,CORN,"CORN, GRAIN - YIELD, MEASURED IN BU / ACRE",TOTAL,NOT SPECIFIED,179.6,
SURVEY,2015,YEAR,,COUNTY,GEORGIA,13,SOUTHWEST,70,SEMINOLE,253,,,0,,CORN,"CORN, GRAIN - YIELD, MEASURED IN BU / ACRE",TOTAL,NOT SPECIFIED,192.7,
SURVEY,2015,YEAR,,COUNTY,GEORGIA,13,SOUTHWEST,70,TERRELL,273,,,0,,CORN,"CORN, GRAIN - YIELD, MEASURED IN BU / ACRE",TOTAL,NOT SPECIFIED,184.1,
SURVEY,2015,YEAR,,COUNTY,GEORGIA,13,SOUTHWEST,70,THOMAS,275,,,0,,CORN,"CORN, GRAIN - YIELD, MEASURED IN BU / ACRE",TOTAL,NOT SPECIFIED,125,
SURVEY,2015,YEAR,,COUNTY,GEORGIA,13,WEST CENTRAL,40,MACON,193,,,0,,CORN,"CORN, GRAIN - YIELD, MEASURED IN BU / ACRE",TOTAL,NOT SPECIFIED,181,
SURVEY,2015,YEAR,,COUNTY,GEORGIA,13,WEST CENTRAL,40,MARION,197,,,0,,CORN,"CORN, GRAIN - YIELD, MEASURED IN BU / ACRE",TOTAL,NOT SPECIFIED,130,
SURVEY,2015,YEAR,,COUNTY,GEORGIA,13,WEST CENTRAL,40,OTHER (COMBINED) COUNTIES,,,,0,,CORN,"CORN, GRAIN - YIELD, MEASURED IN BU / ACRE",TOTAL,NOT SPECIFIED,97.5,
SURVEY,2014,YEAR,,COUNTY,GEORGIA,13,CENTRAL,50,BLECKLEY,23,,,0,,CORN,"CORN, GRAIN - YIELD, MEASURED IN BU / ACRE",TOTAL,NOT SPECIFIED,190.6,
SURVEY,2014,YEAR,,COUNTY,GEORGIA,13,CENTRAL,50,DODGE,91,,,0,,CORN,"CORN, GRAIN - YIELD, MEASURED IN BU / ACRE",TOTAL,NOT SPECIFIED,165.4,
SURVEY,2014,YEAR,,COUNTY,GEORGIA,13,CENTRAL,50,LAURENS,175,,,0,,CORN,"CORN, GRAIN - YIELD, MEASURED IN BU / ACRE",TOTAL,NOT SPECIFIED,136.5,
SURVEY,2014,YEAR,,COUNTY,GEORGIA,13,CENTRAL,50,OTHER (COMBINED) COUNTIES,,,,0,,CORN,"CORN, GRAIN - YIELD, MEASURED IN BU / ACRE",TOTAL,NOT SPECIFIED,132.6,
SURVEY,2014,YEAR,,COUNTY,GEORGIA,13,CENTRAL,50,PULASKI,235,,,0,,CORN,"CORN, GRAIN - YIELD, MEASURED IN BU / ACRE",TOTAL,NOT SPECIFIED,174.5,
SURVEY,2014,YEAR,,COUNTY,GEORGIA,13,CENTRAL,50,WASHINGTON,303,,,0,,CORN,"CORN, GRAIN - YIELD, MEASURED IN BU / ACRE",TOTAL,NOT SPECIFIED,186.5,
SURVEY,2014,YEAR,,COUNTY,GEORGIA,13,EAST CENTRAL,60,BULLOCH,31,,,0,,CORN,"CORN, GRAIN - YIELD, MEASURED IN BU / ACRE",TOTAL,NOT SPECIFIED,185,
SURVEY,2014,YEAR,,COUNTY,GEORGIA,13,EAST CENTRAL,60,BURKE,33,,,0,,CORN,"CORN, GRAIN - YIELD, MEASURED IN BU / ACRE",TOTAL,NOT SPECIFIED,192.8,
SURVEY,2014,YEAR,,COUNTY,GEORGIA,13,EAST CENTRAL,60,CANDLER,43,,,0,,CORN,"CORN, GRAIN - YIELD, MEASURED IN BU / ACRE",TOTAL,NOT SPECIFIED,80,
SURVEY,2014,YEAR,,COUNTY,GEORGIA,13,EAST CENTRAL,60,JEFFERSON,163,,,0,,CORN,"CORN, GRAIN - YIELD, MEASURED IN BU / ACRE",TOTAL,NOT SPECIFIED,199.6,
SURVEY,2014,YEAR,,COUNTY,GEORGIA,13,EAST CENTRAL,60,JENKINS,165,,,0,,CORN,"CORN, GRAIN - YIELD, MEASURED IN BU / ACRE",TOTAL,NOT SPECIFIED,168.1,
SURVEY,2014,YEAR,,COUNTY,GEORGIA,13,EAST CENTRAL,60,OTHER (COMBINED) COUNTIES,,,,0,,CORN,"CORN, GRAIN - YIELD, MEASURED IN BU / ACRE",TOTAL,NOT SPECIFIED,114.3,
SURVEY,2014,YEAR,,COUNTY,GEORGIA,13,EAST CENTRAL,60,SCREVEN,251,,,0,,CORN,"CORN, GRAIN - YIELD, MEASURED IN BU / ACRE",TOTAL,NOT SPECIFIED,179.2,
SURVEY,2014,YEAR,,COUNTY,GEORGIA,13,NORTH CENTRAL,20,HALL,139,,,0,,CORN,"CORN, GRAIN - YIELD, MEASURED IN BU / ACRE",TOTAL,NOT SPECIFIED,110,
SURVEY,2014,YEAR,,COUNTY,GEORGIA,13,NORTH CENTRAL,20,OTHER (COMBINED) COUNTIES,,,,0,,CORN,"CORN, GRAIN - YIELD, MEASURED IN BU / ACRE",TOTAL,NOT SPECIFIED,127.8,
SURVEY,2014,YEAR,,COUNTY,GEORGIA,13,NORTH CENTRAL,20,WHITE,311,,,0,,CORN,"CORN, GRAIN - YIELD, MEASURED IN BU / ACRE",TOTAL,NOT SPECIFIED,151.7,
SURVEY,2014,YEAR,,COUNTY,GEORGIA,13,NORTHEAST,30,HABERSHAM,137,,,0,,CORN,"CORN, GRAIN - YIELD, MEASURED IN BU / ACRE",TOTAL,NOT SPECIFIED,90,
SURVEY,2014,YEAR,,COUNTY,GEORGIA,13,NORTHEAST,30,HART,147,,,0,,CORN,"CORN, GRAIN - YIELD, MEASURED IN BU / ACRE",TOTAL,NOT SPECIFIED,121.5,
SURVEY,2014,YEAR,,COUNTY,GEORGIA,13,NORTHEAST,30,OTHER (COMBINED) COUNTIES,,,,0,,CORN,"CORN, GRAIN - YIELD, MEASURED IN BU / ACRE",TOTAL,NOT SPECIFIED,122.1,
SURVEY,2014,YEAR,,COUNTY,GEORGIA,13,NORTHWEST,10,BARTOW,15,,,0,,CORN,"CORN, GRAIN - YIELD, MEASURED IN BU / ACRE",TOTAL,NOT SPECIFIED,116.1,
SURVEY,2014,YEAR,,COUNTY,GEORGIA,13,NORTHWEST,10,CHATTOOGA,55,,,0,,CORN,"CORN, GRAIN - YIELD, MEASURED IN BU / ACRE",TOTAL,NOT SPECIFIED,155.6,
SURVEY,2014,YEAR,,COUNTY,GEORGIA,13,NORTHWEST,10,FLOYD,115,,,0,,CORN,"CORN, GRAIN - YIELD, MEASURED IN BU / ACRE",TOTAL,NOT SPECIFIED,168,
SURVEY,2014,YEAR,,COUNTY,GEORGIA,13,NORTHWEST,10,GORDON,129,,,0,,CORN,"CORN, GRAIN - YIELD, MEASURED IN BU / ACRE",TOTAL,NOT SPECIFIED,151,
SURVEY,2014,YEAR,,COUNTY,GEORGIA,13,NORTHWEST,10,OTHER (COMBINED) COUNTIES,,,,0,,CORN,"CORN, GRAIN - YIELD, MEASURED IN BU / ACRE",TOTAL,NOT SPECIFIED,160.9,
SURVEY,2014,YEAR,,COUNTY,GEORGIA,13,NORTHWEST,10,POLK,233,,,0,,CORN,"CORN, GRAIN - YIELD, MEASURED IN BU / ACRE",TOTAL,NOT SPECIFIED,151.5,
SURVEY,2014,YEAR,,COUNTY,GEORGIA,13,NORTHWEST,10,WHITFIELD,313,,,0,,CORN,"CORN, GRAIN - YIELD, MEASURED IN BU / ACRE",TOTAL,NOT SPECIFIED,134.3,
SURVEY,2014,YEAR,,COUNTY,GEORGIA,13,SOUTH CENTRAL,80,ATKINSON,3,,,0,,CORN,"CORN, GRAIN - YIELD, MEASURED IN BU / ACRE",TOTAL,NOT SPECIFIED,164.8,
SURVEY,2014,YEAR,,COUNTY,GEORGIA,13,SOUTH CENTRAL,80,BEN HILL,17,,,0,,CORN,"CORN, GRAIN - YIELD, MEASURED IN BU / ACRE",TOTAL,NOT SPECIFIED,135.8,
SURVEY,2014,YEAR,,COUNTY,GEORGIA,13,SOUTH CENTRAL,80,BERRIEN,19,,,0,,CORN,"CORN, GRAIN - YIELD, MEASURED IN BU / ACRE",TOTAL,NOT SPECIFIED,146.9,
SURVEY,2014,YEAR,,COUNTY,GEORGIA,13,SOUTH CENTRAL,80,COFFEE,69,,,0,,CORN,"CORN, GRAIN - YIELD, MEASURED IN BU / ACRE",TOTAL,NOT SPECIFIED,134.7,
SURVEY,2014,YEAR,,COUNTY,GEORGIA,13,SOUTH CENTRAL,80,COLQUITT,71,,,0,,CORN,"CORN, GRAIN - YIELD, MEASURED IN BU / ACRE",TOTAL,NOT SPECIFIED,209.6,
SURVEY,2014,YEAR,,COUNTY,GEORGIA,13,SOUTH CENTRAL,80,COOK,75,,,0,,CORN,"CORN, GRAIN - YIELD, MEASURED IN BU / ACRE",TOTAL,NOT SPECIFIED,166.4,
SURVEY,2014,YEAR,,COUNTY,GEORGIA,13,SOUTH CENTRAL,80,DOOLY,93,,,0,,CORN,"CORN, GRAIN - YIELD, MEASURED IN BU / ACRE",TOTAL,NOT SPECIFIED,196.7,
SURVEY,2014,YEAR,,COUNTY,GEORGIA,13,SOUTH CENTRAL,80,IRWIN,155,,,0,,CORN,"CORN, GRAIN - YIELD, MEASURED IN BU / ACRE",TOTAL,NOT SPECIFIED,176.5,
SURVEY,2014,YEAR,,COUNTY,GEORGIA,13,SOUTH CENTRAL,80,JEFF DAVIS,161,,,0,,CORN,"CORN, GRAIN - YIELD, MEASURED IN BU / ACRE",TOTAL,NOT SPECIFIED,111.1,
SURVEY,2014,YEAR,,COUNTY,GEORGIA,13,SOUTH CENTRAL,80,LOWNDES,185,,,0,,CORN,"CORN, GRAIN - YIELD, MEASURED IN BU / ACRE",TOTAL,NOT SPECIFIED,70.8,
SURVEY,2014,YEAR,,COUNTY,GEORGIA,13,SOUTH CENTRAL,80,OTHER (COMBINED) COUNTIES,,,,0,,CORN,"CORN, GRAIN - YIELD, MEASURED IN BU / ACRE",TOTAL,NOT SPECIFIED,137.8,
SURVEY,2014,YEAR,,COUNTY,GEORGIA,13,SOUTH CENTRAL,80,TIFT,277,,,0,,CORN,"CORN, GRAIN - YIELD, MEASURED IN BU / ACRE",TOTAL,NOT SPECIFIED,141.6,
SURVEY,2014,YEAR,,COUNTY,GEORGIA,13,SOUTH CENTRAL,80,TURNER,287,,,0,,CORN,"CORN, GRAIN - YIELD, MEASURED IN BU / ACRE",TOTAL,NOT SPECIFIED,171.8,
SURVEY,2014,YEAR,,COUNTY,GEORGIA,13,SOUTH CENTRAL,80,WILCOX,315,,,0,,CORN,"CORN, GRAIN - YIELD, MEASURED IN BU / ACRE",TOTAL,NOT SPECIFIED,207.5,
SURVEY,2014,YEAR,,COUNTY,GEORGIA,13,SOUTH CENTRAL,80,WORTH,321,,,0,,CORN,"CORN, GRAIN - YIELD, MEASURED IN BU / ACRE",TOTAL,NOT SPECIFIED,178.3,
SURVEY,2014,YEAR,,COUNTY,GEORGIA,13,SOUTHEAST,90,APPLING,1,,,0,,CORN,"CORN, GRAIN - YIELD, MEASURED IN BU / ACRE",TOTAL,NOT SPECIFIED,156.6,
SURVEY,2014,YEAR,,COUNTY,GEORGIA,13,SOUTHEAST,90,BACON,5,,,0,,CORN,"CORN, GRAIN - YIELD, MEASURED IN BU / ACRE",TOTAL,NOT SPECIFIED,117.3,
SURVEY,2014,YEAR,,COUNTY,GEORGIA,13,SOUTHEAST,90,BRANTLEY,25,,,0,,CORN,"CORN, GRAIN - YIELD, MEASURED IN BU / ACRE",TOTAL,NOT SPECIFIED,76.9,
SURVEY,2014,YEAR,,COUNTY,GEORGIA,13,SOUTHEAST,90,EVANS,109,,,0,,CORN,"CORN, GRAIN - YIELD, MEASURED IN BU / ACRE",TOTAL,NOT SPECIFIED,132.1,
SURVEY,2014,YEAR,,COUNTY,GEORGIA,13,SOUTHEAST,90,OTHER (COMBINED) COUNTIES,,,,0,,CORN,"CORN, GRAIN - YIELD, MEASURED IN BU / ACRE",TOTAL,NOT SPECIFIED,92.7,
SURVEY,2014,YEAR,,COUNTY,GEORGIA,13,SOUTHEAST,90,PIERCE,229,,,0,,CORN,"CORN, GRAIN - YIELD, MEASURED IN BU / ACRE",TOTAL,NOT SPECIFIED,123.4,
SURVEY,2014,YEAR,,COUNTY,GEORGIA,13,SOUTHEAST,90,TATTNALL,267,,,0,,CORN,"CORN, GRAIN - YIELD, MEASURED IN BU / ACRE",TOTAL,NOT SPECIFIED,173.8,
SURVEY,2014,YEAR,,COUNTY,GEORGIA,13,SOUTHEAST,90,TOOMBS,279,,,0,,CORN,"CORN, GRAIN - YIELD, MEASURED IN BU / ACRE",TOTAL,NOT SPECIFIED,185,
SURVEY,2014,YEAR,,COUNTY,GEORGIA,13,SOUTHEAST,90,WARE,299,,,0,,CORN,"CORN, GRAIN - YIELD, MEASURED IN BU / ACRE",TOTAL,NOT SPECIFIED,159.5,
SURVEY,2014,YEAR,,COUNTY,GEORGIA,13,SOUTHEAST,90,WAYNE,305,,,0,,CORN,"CORN, GRAIN - YIELD, MEASURED IN BU / ACRE",TOTAL,NOT SPECIFIED,135.7,
SURVEY,2014,YEAR,,COUNTY,GEORGIA,13,SOUTHWEST,70,BAKER,7,,,0,,CORN,"CORN, GRAIN - YIELD, MEASURED IN BU / ACRE",TOTAL,NOT SPECIFIED,174.9,
SURVEY,2014,YEAR,,COUNTY,GEORGIA,13,SOUTHWEST,70,CALHOUN,37,,,0,,CORN,"CORN, GRAIN - YIELD, MEASURED IN BU / ACRE",TOTAL,NOT SPECIFIED,192,
SURVEY,2014,YEAR,,COUNTY,GEORGIA,13,SOUTHWEST,70,DECATUR,87,,,0,,CORN,"CORN, GRAIN - YIELD, MEASURED IN BU / ACRE",TOTAL,NOT SPECIFIED,183.3,
SURVEY,2014,YEAR,,COUNTY,GEORGIA,13,SOUTHWEST,70,EARLY,99,,,0,,CORN,"CORN, GRAIN - YIELD, MEASURED IN BU / ACRE",TOTAL,NOT SPECIFIED,194.1,
SURVEY,2014,YEAR,,COUNTY,GEORGIA,13,SOUTHWEST,70,MILLER,201,,,0,,CORN,"CORN, GRAIN - YIELD, MEASURED IN BU / ACRE",TOTAL,NOT SPECIFIED,195.2,
SURVEY,2014,YEAR,,COUNTY,GEORGIA,13,SOUTHWEST,70,MITCHELL,205,,,0,,CORN,"CORN, GRAIN - YIELD, MEASURED IN BU / ACRE",TOTAL,NOT SPECIFIED,189.2,
SURVEY,2014,YEAR,,COUNTY,GEORGIA,13,SOUTHWEST,70,OTHER (COMBINED) COUNTIES,,,,0,,CORN,"CORN, GRAIN - YIELD, MEASURED IN BU / ACRE",TOTAL,NOT SPECIFIED,170.8,
SURVEY,2014,YEAR,,COUNTY,GEORGIA,13,SOUTHWEST,70,RANDOLPH,243,,,0,,CORN,"CORN, GRAIN - YIELD, MEASURED IN BU / ACRE",TOTAL,NOT SPECIFIED,190.3,
SURVEY,2014,YEAR,,COUNTY,GEORGIA,13,SOUTHWEST,70,SEMINOLE,253,,,0,,CORN,"CORN, GRAIN - YIELD, MEASURED IN BU / ACRE",TOTAL,NOT SPECIFIED,195.8,
SURVEY,2014,YEAR,,COUNTY,GEORGIA,13,SOUTHWEST,70,SUMTER,261,,,0,,CORN,"CORN, GRAIN - YIELD, MEASURED IN BU / ACRE",TOTAL,NOT SPECIFIED,173.9,
SURVEY,2014,YEAR,,COUNTY,GEORGIA,13,SOUTHWEST,70,TERRELL,273,,,0,,CORN,"CORN, GRAIN - YIELD, MEASURED IN BU / ACRE",TOTAL,NOT SPECIFIED,180.8,
SURVEY,2014,YEAR,,COUNTY,GEORGIA,13,SOUTHWEST,70,THOMAS,275,,,0,,CORN,"CORN, GRAIN - YIELD, MEASURED IN BU / ACRE",TOTAL,NOT SPECIFIED,116.9,
SURVEY,2014,YEAR,,COUNTY,GEORGIA,13,WEST CENTRAL,40,MACON,193,,,0,,CORN,"CORN, GRAIN - YIELD, MEASURED IN BU / ACRE",TOTAL,NOT SPECIFIED,182.6,
SURVEY,2014,YEAR,,COUNTY,GEORGIA,13,WEST CENTRAL,40,MARION,197,,,0,,CORN,"CORN, GRAIN - YIELD, MEASURED IN BU / ACRE",TOTAL,NOT SPECIFIED,102.5,
SURVEY,2014,YEAR,,COUNTY,GEORGIA,13,WEST CENTRAL,40,OTHER (COMBINED) COUNTIES,,,,0,,CORN,"CORN, GRAIN - YIELD, MEASURED IN BU / ACRE",TOTAL,NOT SPECIFIED,93.1,
SURVEY,2014,YEAR,,COUNTY,GEORGIA,13,WEST CENTRAL,40,TAYLOR,269,,,0,,CORN,"CORN, GRAIN - YIELD, MEASURED IN BU / ACRE",TOTAL,NOT SPECIFIED,151.8,
SURVEY,2013,YEAR,,COUNTY,GEORGIA,13,CENTRAL,50,BLECKLEY,23,,,0,,CORN,"CORN, GRAIN - YIELD, MEASURED IN BU / ACRE",TOTAL,NOT SPECIFIED,173,
SURVEY,2013,YEAR,,COUNTY,GEORGIA,13,CENTRAL,50,DODGE,91,,,0,,CORN,"CORN, GRAIN - YIELD, MEASURED IN BU / ACRE",TOTAL,NOT SPECIFIED,177,
SURVEY,2013,YEAR,,COUNTY,GEORGIA,13,CENTRAL,50,JOHNSON,167,,,0,,CORN,"CORN, GRAIN - YIELD, MEASURED IN BU / ACRE",TOTAL,NOT SPECIFIED,159,
SURVEY,2013,YEAR,,COUNTY,GEORGIA,13,CENTRAL,50,LAURENS,175,,,0,,CORN,"CORN, GRAIN - YIELD, MEASURED IN BU / ACRE",TOTAL,NOT SPECIFIED,144.6,
SURVEY,2013,YEAR,,COUNTY,GEORGIA,13,CENTRAL,50,MONTGOMERY,209,,,0,,CORN,"CORN, GRAIN - YIELD, MEASURED IN BU / ACRE",TOTAL,NOT SPECIFIED,177.3,
SURVEY,2013,YEAR,,COUNTY,GEORGIA,13,CENTRAL,50,OTHER (COMBINED) COUNTIES,,,,0,,CORN,"CORN, GRAIN - YIELD, MEASURED IN BU / ACRE",TOTAL,NOT SPECIFIED,166.9,
SURVEY,2013,YEAR,,COUNTY,GEORGIA,13,CENTRAL,50,PEACH,225,,,0,,CORN,"CORN, GRAIN - YIELD, MEASURED IN BU / ACRE",TOTAL,NOT SPECIFIED,172.3,
SURVEY,2013,YEAR,,COUNTY,GEORGIA,13,CENTRAL,50,PULASKI,235,,,0,,CORN,"CORN, GRAIN - YIELD, MEASURED IN BU / ACRE",TOTAL,NOT SPECIFIED,191,
SURVEY,2013,YEAR,,COUNTY,GEORGIA,13,CENTRAL,50,WASHINGTON,303,,,0,,CORN,"CORN, GRAIN - YIELD, MEASURED IN BU / ACRE",TOTAL,NOT SPECIFIED,197.2,
SURVEY,2013,YEAR,,COUNTY,GEORGIA,13,EAST CENTRAL,60,BULLOCH,31,,,0,,CORN,"CORN, GRAIN - YIELD, MEASURED IN BU / ACRE",TOTAL,NOT SPECIFIED,140.6,
SURVEY,2013,YEAR,,COUNTY,GEORGIA,13,EAST CENTRAL,60,BURKE,33,,,0,,CORN,"CORN, GRAIN - YIELD, MEASURED IN BU / ACRE",TOTAL,NOT SPECIFIED,191.1,
SURVEY,2013,YEAR,,COUNTY,GEORGIA,13,EAST CENTRAL,60,CANDLER,43,,,0,,CORN,"CORN, GRAIN - YIELD, MEASURED IN BU / ACRE",TOTAL,NOT SPECIFIED,165,
SURVEY,2013,YEAR,,COUNTY,GEORGIA,13,EAST CENTRAL,60,EFFINGHAM,103,,,0,,CORN,"CORN, GRAIN - YIELD, MEASURED IN BU / ACRE",TOTAL,NOT SPECIFIED,83.8,
SURVEY,2013,YEAR,,COUNTY,GEORGIA,13,EAST CENTRAL,60,EMANUEL,107,,,0,,CORN,"CORN, GRAIN - YIELD, MEASURED IN BU / ACRE",TOTAL,NOT SPECIFIED,156.1,
SURVEY,2013,YEAR,,COUNTY,GEORGIA,13,EAST CENTRAL,60,JEFFERSON,163,,,0,,CORN,"CORN, GRAIN - YIELD, MEASURED IN BU / ACRE",TOTAL,NOT SPECIFIED,178.6,
SURVEY,2013,YEAR,,COUNTY,GEORGIA,13,EAST CENTRAL,60,JENKINS,165,,,0,,CORN,"CORN, GRAIN - YIELD, MEASURED IN BU / ACRE",TOTAL,NOT SPECIFIED,165.6,
SURVEY,2013,YEAR,,COUNTY,GEORGIA,13,EAST CENTRAL,60,OTHER (COMBINED) COUNTIES,,,,0,,CORN,"CORN, GRAIN - YIELD, MEASURED IN BU / ACRE",TOTAL,NOT SPECIFIED,108.9,
SURVEY,2013,YEAR,,COUNTY,GEORGIA,13,EAST CENTRAL,60,SCREVEN,251,,,0,,CORN,"CORN, GRAIN - YIELD, MEASURED IN BU / ACRE",TOTAL,NOT SPECIFIED,164,
SURVEY,2013,YEAR,,COUNTY,GEORGIA,13,NORTH CENTRAL,20,DAWSON,85,,,0,,CORN,"CORN, GRAIN - YIELD, MEASURED IN BU / ACRE",TOTAL,NOT SPECIFIED,133.6,
SURVEY,2013,YEAR,,COUNTY,GEORGIA,13,NORTH CENTRAL,20,HALL,139,,,0,,CORN,"CORN, GRAIN - YIELD, MEASURED IN BU / ACRE",TOTAL,NOT SPECIFIED,128,
SURVEY,2013,YEAR,,COUNTY,GEORGIA,13,NORTH CENTRAL,20,OTHER (COMBINED) COUNTIES,,,,0,,CORN,"CORN, GRAIN - YIELD, MEASURED IN BU / ACRE",TOTAL,NOT SPECIFIED,102.2,
SURVEY,2013,YEAR,,COUNTY,GEORGIA,13,NORTH CENTRAL,20,WHITE,311,,,0,,CORN,"CORN, GRAIN - YIELD, MEASURED IN BU / ACRE",TOTAL,NOT SPECIFIED,160.3,
SURVEY,2013,YEAR,,COUNTY,GEORGIA,13,NORTHEAST,30,FRANKLIN,119,,,0,,CORN,"CORN, GRAIN - YIELD, MEASURED IN BU / ACRE",TOTAL,NOT SPECIFIED,171.4,
SURVEY,2013,YEAR,,COUNTY,GEORGIA,13,NORTHEAST,30,HART,147,,,0,,CORN,"CORN, GRAIN - YIELD, MEASURED IN BU / ACRE",TOTAL,NOT SPECIFIED,173.8,
SURVEY,2013,YEAR,,COUNTY,GEORGIA,13,NORTHEAST,30,OTHER (COMBINED) COUNTIES,,,,0,,CORN,"CORN, GRAIN - YIELD, MEASURED IN BU / ACRE",TOTAL,NOT SPECIFIED,128.3,
SURVEY,2013,YEAR,,COUNTY,GEORGIA,13,NORTHWEST,10,BARTOW,15,,,0,,CORN,"CORN, GRAIN - YIELD, MEASURED IN BU / ACRE",TOTAL,NOT SPECIFIED,166.7,
SURVEY,2013,YEAR,,COUNTY,GEORGIA,13,NORTHWEST,10,FLOYD,115,,,0,,CORN,"CORN, GRAIN - YIELD, MEASURED IN BU / ACRE",TOTAL,NOT SPECIFIED,179.2,
SURVEY,2013,YEAR,,COUNTY,GEORGIA,13,NORTHWEST,10,GORDON,129,,,0,,CORN,"CORN, GRAIN - YIELD, MEASURED IN BU / ACRE",TOTAL,NOT SPECIFIED,110.3,
SURVEY,2013,YEAR,,COUNTY,GEORGIA,13,NORTHWEST,10,OTHER (COMBINED) COUNTIES,,,,0,,CORN,"CORN, GRAIN - YIELD, MEASURED IN BU / ACRE",TOTAL,NOT SPECIFIED,134.1,
SURVEY,2013,YEAR,,COUNTY,GEORGIA,13,NORTHWEST,10,POLK,233,,,0,,CORN,"CORN, GRAIN - YIELD, MEASURED IN BU / ACRE",TOTAL,NOT SPECIFIED,125.3,
SURVEY,2013,YEAR,,COUNTY,GEORGIA,13,SOUTH CENTRAL,80,ATKINSON,3,,,0,,CORN,"CORN, GRAIN - YIELD, MEASURED IN BU / ACRE",TOTAL,NOT SPECIFIED,148.7,
SURVEY,2013,YEAR,,COUNTY,GEORGIA,13,SOUTH CENTRAL,80,BEN HILL,17,,,0,,CORN,"CORN, GRAIN - YIELD, MEASURED IN BU / ACRE",TOTAL,NOT SPECIFIED,176.1,
SURVEY,2013,YEAR,,COUNTY,GEORGIA,13,SOUTH CENTRAL,80,BROOKS,27,,,0,,CORN,"CORN, GRAIN - YIELD, MEASURED IN BU / ACRE",TOTAL,NOT SPECIFIED,191.6,
SURVEY,2013,YEAR,,COUNTY,GEORGIA,13,SOUTH CENTRAL,80,COFFEE,69,,,0,,CORN,"CORN, GRAIN - YIELD, MEASURED IN BU / ACRE",TOTAL,NOT SPECIFIED,170.7,
SURVEY,2013,YEAR,,COUNTY,GEORGIA,13,SOUTH CENTRAL,80,COLQUITT,71,,,0,,CORN,"CORN, GRAIN - YIELD, MEASURED IN BU / ACRE",TOTAL,NOT SPECIFIED,199,
SURVEY,2013,YEAR,,COUNTY,GEORGIA,13,SOUTH CENTRAL,80,COOK,75,,,0,,CORN,"CORN, GRAIN - YIELD, MEASURED IN BU / ACRE",TOTAL,NOT SPECIFIED,183.9,
SURVEY,2013,YEAR,,COUNTY,GEORGIA,13,SOUTH CENTRAL,80,CRISP,81,,,0,,CORN,"CORN, GRAIN - YIELD, MEASURED IN BU / ACRE",TOTAL,NOT SPECIFIED,189.1,
SURVEY,2013,YEAR,,COUNTY,GEORGIA,13,SOUTH CENTRAL,80,DOOLY,93,,,0,,CORN,"CORN, GRAIN - YIELD, MEASURED IN BU / ACRE",TOTAL,NOT SPECIFIED,188,
SURVEY,2013,YEAR,,COUNTY,GEORGIA,13,SOUTH CENTRAL,80,ECHOLS,101,,,0,,CORN,"CORN, GRAIN - YIELD, MEASURED IN BU / ACRE",TOTAL,NOT SPECIFIED,198.2,
SURVEY,2013,YEAR,,COUNTY,GEORGIA,13,SOUTH CENTRAL,80,IRWIN,155,,,0,,CORN,"CORN, GRAIN - YIELD, MEASURED IN BU / ACRE",TOTAL,NOT SPECIFIED,196.9,
SURVEY,2013,YEAR,,COUNTY,GEORGIA,13,SOUTH CENTRAL,80,JEFF DAVIS,161,,,0,,CORN,"CORN, GRAIN - YIELD, MEASURED IN BU / ACRE",TOTAL,NOT SPECIFIED,192.4,
SURVEY,2013,YEAR,,COUNTY,GEORGIA,13,SOUTH CENTRAL,80,LOWNDES,185,,,0,,CORN,"CORN, GRAIN - YIELD, MEASURED IN BU / ACRE",TOTAL,NOT SPECIFIED,175.6,
SURVEY,2013,YEAR,,COUNTY,GEORGIA,13,SOUTH CENTRAL,80,OTHER (COMBINED) COUNTIES,,,,0,,CORN,"CORN, GRAIN - YIELD, MEASURED IN BU / ACRE",TOTAL,NOT SPECIFIED,158.8,
SURVEY,2013,YEAR,,COUNTY,GEORGIA,13,SOUTH CENTRAL,80,TIFT,277,,,0,,CORN,"CORN, GRAIN - YIELD, MEASURED IN BU / ACRE",TOTAL,NOT SPECIFIED,171.7,
SURVEY,2013,YEAR,,COUNTY,GEORGIA,13,SOUTH CENTRAL,80,TURNER,287,,,0,,CORN,"CORN, GRAIN - YIELD, MEASURED IN BU / ACRE",TOTAL,NOT SPECIFIED,197.9,
SURVEY,2013,YEAR,,COUNTY,GEORGIA,13,SOUTH CENTRAL,80,WILCOX,315,,,0,,CORN,"CORN, GRAIN - YIELD, MEASURED IN BU / ACRE",TOTAL,NOT SPECIFIED,203.5,
SURVEY,2013,YEAR,,COUNTY,GEORGIA,13,SOUTH CENTRAL,80,WORTH,321,,,0,,CORN,"CORN, GRAIN - YIELD, MEASURED IN BU / ACRE",TOTAL,NOT SPECIFIED,191.1,
SURVEY,2013,YEAR,,COUNTY,GEORGIA,13,SOUTHEAST,90,APPLING,1,,,0,,CORN,"CORN, GRAIN - YIELD, MEASURED IN BU / ACRE",TOTAL,NOT SPECIFIED,200,
SURVEY,2013,YEAR,,COUNTY,GEORGIA,13,SOUTHEAST,90,BACON,5,,,0,,CORN,"CORN, GRAIN - YIELD, MEASURED IN BU / ACRE",TOTAL,NOT SPECIFIED,150,
SURVEY,2013,YEAR,,COUNTY,GEORGIA,13,SOUTHEAST,90,OTHER (COMBINED) COUNTIES,,,,0,,CORN,"CORN, GRAIN - YIELD, MEASURED IN BU / ACRE",TOTAL,NOT SPECIFIED,133,
SURVEY,2013,YEAR,,COUNTY,GEORGIA,13,SOUTHEAST,90,PIERCE,229,,,0,,CORN,"CORN, GRAIN - YIELD, MEASURED IN BU / ACRE",TOTAL,NOT SPECIFIED,139.6,
SURVEY,2013,YEAR,,COUNTY,GEORGIA,13,SOUTHEAST,90,TATTNALL,267,,,0,,CORN,"CORN, GRAIN - YIELD, MEASURED IN BU / ACRE",TOTAL,NOT SPECIFIED,179.4,
SURVEY,2013,YEAR,,COUNTY,GEORGIA,13,SOUTHEAST,90,TOOMBS,279,,,0,,CORN,"CORN, GRAIN - YIELD, MEASURED IN BU / ACRE",TOTAL,NOT SPECIFIED,148.5,
SURVEY,2013,YEAR,,COUNTY,GEORGIA,13,SOUTHEAST,90,WARE,299,,,0,,CORN,"CORN, GRAIN - YIELD, MEASURED IN BU / ACRE",TOTAL,NOT SPECIFIED,164.5,
SURVEY,2013,YEAR,,COUNTY,GEORGIA,13,SOUTHWEST,70,BAKER,7,,,0,,CORN,"CORN, GRAIN - YIELD, MEASURED IN BU / ACRE",TOTAL,NOT SPECIFIED,188.5,
SURVEY,2013,YEAR,,COUNTY,GEORGIA,13,SOUTHWEST,70,CALHOUN,37,,,0,,CORN,"CORN, GRAIN - YIELD, MEASURED IN BU / ACRE",TOTAL,NOT SPECIFIED,208.3,
SURVEY,2013,YEAR,,COUNTY,GEORGIA,13,SOUTHWEST,70,CLAY,61,,,0,,CORN,"CORN, GRAIN - YIELD, MEASURED IN BU / ACRE",TOTAL,NOT SPECIFIED,190,
SURVEY,2013,YEAR,,COUNTY,GEORGIA,13,SOUTHWEST,70,DECATUR,87,,,0,,CORN,"CORN, GRAIN - YIELD, MEASURED IN BU / ACRE",TOTAL,NOT SPECIFIED,199.9,
SURVEY,2013,YEAR,,COUNTY,GEORGIA,13,SOUTHWEST,70,DOUGHERTY,95,,,0,,CORN,"CORN, GRAIN - YIELD, MEASURED IN BU / ACRE",TOTAL,NOT SPECIFIED,195.7,
SURVEY,2013,YEAR,,COUNTY,GEORGIA,13,SOUTHWEST,70,EARLY,99,,,0,,CORN,"CORN, GRAIN - YIELD, MEASURED IN BU / ACRE",TOTAL,NOT SPECIFIED,186.2,
SURVEY,2013,YEAR,,COUNTY,GEORGIA,13,SOUTHWEST,70,GRADY,131,,,0,,CORN,"CORN, GRAIN - YIELD, MEASURED IN BU / ACRE",TOTAL,NOT SPECIFIED,159.9,
SURVEY,2013,YEAR,,COUNTY,GEORGIA,13,SOUTHWEST,70,MILLER,201,,,0,,CORN,"CORN, GRAIN - YIELD, MEASURED IN BU / ACRE",TOTAL,NOT SPECIFIED,171.7,
SURVEY,2013,YEAR,,COUNTY,GEORGIA,13,SOUTHWEST,70,MITCHELL,205,,,0,,CORN,"CORN, GRAIN - YIELD, MEASURED IN BU / ACRE",TOTAL,NOT SPECIFIED,195.7,
SURVEY,2013,YEAR,,COUNTY,GEORGIA,13,SOUTHWEST,70,OTHER (COMBINED) COUNTIES,,,,0,,CORN,"CORN, GRAIN - YIELD, MEASURED IN BU / ACRE",TOTAL,NOT SPECIFIED,156.2,
SURVEY,2013,YEAR,,COUNTY,GEORGIA,13,SOUTHWEST,70,RANDOLPH,243,,,0,,CORN,"CORN, GRAIN - YIELD, MEASURED IN BU / ACRE",TOTAL,NOT SPECIFIED,192.6,
SURVEY,2013,YEAR,,COUNTY,GEORGIA,13,SOUTHWEST,70,SEMINOLE,253,,,0,,CORN,"CORN, GRAIN - YIELD, MEASURED IN BU / ACRE",TOTAL,NOT SPECIFIED,194.9,
SURVEY,2013,YEAR,,COUNTY,GEORGIA,13,SOUTHWEST,70,SUMTER,261,,,0,,CORN,"CORN, GRAIN - YIELD, MEASURED IN BU / ACRE",TOTAL,NOT SPECIFIED,182.8,
SURVEY,2013,YEAR,,COUNTY,GEORGIA,13,SOUTHWEST,70,TERRELL,273,,,0,,CORN,"CORN, GRAIN - YIELD, MEASURED IN BU / ACRE",TOTAL,NOT SPECIFIED,148.6,
SURVEY,2013,YEAR,,COUNTY,GEORGIA,13,WEST CENTRAL,40,MACON,193,,,0,,CORN,"CORN, GRAIN - YIELD, MEASURED IN BU / ACRE",TOTAL,NOT SPECIFIED,199.2,
SURVEY,2013,YEAR,,COUNTY,GEORGIA,13,WEST CENTRAL,40,MARION,197,,,0,,CORN,"CORN, GRAIN - YIELD, MEASURED IN BU / ACRE",TOTAL,NOT SPECIFIED,181.4,
SURVEY,2013,YEAR,,COUNTY,GEORGIA,13,WEST CENTRAL,40,OTHER (COMBINED) COUNTIES,,,,0,,CORN,"CORN, GRAIN - YIELD, MEASURED IN BU / ACRE",TOTAL,NOT SPECIFIED,130.9,
SURVEY,2012,YEAR,,COUNTY,GEORGIA,13,CENTRAL,50,BLECKLEY,23,,,0,,CORN,"CORN, GRAIN - YIELD, MEASURED IN BU / ACRE",TOTAL,NOT SPECIFIED,189.7,
SURVEY,2012,YEAR,,COUNTY,GEORGIA,13,CENTRAL,50,DODGE,91,,,0,,CORN,"CORN, GRAIN - YIELD, MEASURED IN BU / ACRE",TOTAL,NOT SPECIFIED,160.4,
SURVEY,2012,YEAR,,COUNTY,GEORGIA,13,CENTRAL,50,HOUSTON,153,,,0,,CORN,"CORN, GRAIN - YIELD, MEASURED IN BU / ACRE",TOTAL,NOT SPECIFIED,160.4,
SURVEY,2012,YEAR,,COUNTY,GEORGIA,13,CENTRAL,50,JOHNSON,167,,,0,,CORN,"CORN, GRAIN - YIELD, MEASURED IN BU / ACRE",TOTAL,NOT SPECIFIED,184.2,
SURVEY,2012,YEAR,,COUNTY,GEORGIA,13,CENTRAL,50,LAURENS,175,,,0,,CORN,"CORN, GRAIN - YIELD, MEASURED IN BU / ACRE",TOTAL,NOT SPECIFIED,171.1,
SURVEY,2012,YEAR,,COUNTY,GEORGIA,13,CENTRAL,50,OTHER (COMBINED) COUNTIES,,,,0,,CORN,"CORN, GRAIN - YIELD, MEASURED IN BU / ACRE",TOTAL,NOT SPECIFIED,158.9,
SURVEY,2012,YEAR,,COUNTY,GEORGIA,13,CENTRAL,50,PULASKI,235,,,0,,CORN,"CORN, GRAIN - YIELD, MEASURED IN BU / ACRE",TOTAL,NOT SPECIFIED,125.7,
SURVEY,2012,YEAR,,COUNTY,GEORGIA,13,CENTRAL,50,WASHINGTON,303,,,0,,CORN,"CORN, GRAIN - YIELD, MEASURED IN BU / ACRE",TOTAL,NOT SPECIFIED,141,
SURVEY,2012,YEAR,,COUNTY,GEORGIA,13,CENTRAL,50,WHEELER,309,,,0,,CORN,"CORN, GRAIN - YIELD, MEASURED IN BU / ACRE",TOTAL,NOT SPECIFIED,176.6,
SURVEY,2012,YEAR,,COUNTY,GEORGIA,13,EAST CENTRAL,60,BULLOCH,31,,,0,,CORN,"CORN, GRAIN - YIELD, MEASURED IN BU / ACRE",TOTAL,NOT SPECIFIED,162.8,
SURVEY,2012,YEAR,,COUNTY,GEORGIA,13,EAST CENTRAL,60,BURKE,33,,,0,,CORN,"CORN, GRAIN - YIELD, MEASURED IN BU / ACRE",TOTAL,NOT SPECIFIED,213,
SURVEY,2012,YEAR,,COUNTY,GEORGIA,13,EAST CENTRAL,60,EFFINGHAM,103,,,0,,CORN,"CORN, GRAIN - YIELD, MEASURED IN BU / ACRE",TOTAL,NOT SPECIFIED,128.2,
SURVEY,2012,YEAR,,COUNTY,GEORGIA,13,EAST CENTRAL,60,EMANUEL,107,,,0,,CORN,"CORN, GRAIN - YIELD, MEASURED IN BU / ACRE",TOTAL,NOT SPECIFIED,151.9,
SURVEY,2012,YEAR,,COUNTY,GEORGIA,13,EAST CENTRAL,60,JEFFERSON,163,,,0,,CORN,"CORN, GRAIN - YIELD, MEASURED IN BU / ACRE",TOTAL,NOT SPECIFIED,215.9,
SURVEY,2012,YEAR,,COUNTY,GEORGIA,13,EAST CENTRAL,60,JENKINS,165,,,0,,CORN,"CORN, GRAIN - YIELD, MEASURED IN BU / ACRE",TOTAL,NOT SPECIFIED,196.1,
SURVEY,2012,YEAR,,COUNTY,GEORGIA,13,EAST CENTRAL,60,OTHER (COMBINED) COUNTIES,,,,0,,CORN,"CORN, GRAIN - YIELD, MEASURED IN BU / ACRE",TOTAL,NOT SPECIFIED,152.1,
SURVEY,2012,YEAR,,COUNTY,GEORGIA,13,EAST CENTRAL,60,SCREVEN,251,,,0,,CORN,"CORN, GRAIN - YIELD, MEASURED IN BU / ACRE",TOTAL,NOT SPECIFIED,166.7,
SURVEY,2012,YEAR,,COUNTY,GEORGIA,13,NORTH CENTRAL,20,HALL,139,,,0,,CORN,"CORN, GRAIN - YIELD, MEASURED IN BU / ACRE",TOTAL,NOT SPECIFIED,114.7,
SURVEY,2012,YEAR,,COUNTY,GEORGIA,13,NORTH CENTRAL,20,OTHER (COMBINED) COUNTIES,,,,0,,CORN,"CORN, GRAIN - YIELD, MEASURED IN BU / ACRE",TOTAL,NOT SPECIFIED,122.2,
SURVEY,2012,YEAR,,COUNTY,GEORGIA,13,NORTH CENTRAL,20,UNION,291,,,0,,CORN,"CORN, GRAIN - YIELD, MEASURED IN BU / ACRE",TOTAL,NOT SPECIFIED,104.4,
SURVEY,2012,YEAR,,COUNTY,GEORGIA,13,NORTH CENTRAL,20,WHITE,311,,,0,,CORN,"CORN, GRAIN - YIELD, MEASURED IN BU / ACRE",TOTAL,NOT SPECIFIED,134,
SURVEY,2012,YEAR,,COUNTY,GEORGIA,13,NORTHEAST,30,HART,147,,,0,,CORN,"CORN, GRAIN - YIELD, MEASURED IN BU / ACRE",TOTAL,NOT SPECIFIED,127.5,
SURVEY,2012,YEAR,,COUNTY,GEORGIA,13,NORTHEAST,30,OTHER (COMBINED) COUNTIES,,,,0,,CORN,"CORN, GRAIN - YIELD, MEASURED IN BU / ACRE",TOTAL,NOT SPECIFIED,140.9,
SURVEY,2012,YEAR,,COUNTY,GEORGIA,13,NORTHWEST,10,BARTOW,15,,,0,,CORN,"CORN, GRAIN - YIELD, MEASURED IN BU / ACRE",TOTAL,NOT SPECIFIED,146.5,
SURVEY,2012,YEAR,,COUNTY,GEORGIA,13,NORTHWEST,10,CHATTOOGA,55,,,0,,CORN,"CORN, GRAIN - YIELD, MEASURED IN BU / ACRE",TOTAL,NOT SPECIFIED,105,
SURVEY,2012,YEAR,,COUNTY,GEORGIA,13,NORTHWEST,10,FLOYD,115,,,0,,CORN,"CORN, GRAIN - YIELD, MEASURED IN BU / ACRE",TOTAL,NOT SPECIFIED,69.5,
SURVEY,2012,YEAR,,COUNTY,GEORGIA,13,NORTHWEST,10,GORDON,129,,,0,,CORN,"CORN, GRAIN - YIELD, MEASURED IN BU / ACRE",TOTAL,NOT SPECIFIED,126.2,
SURVEY,2012,YEAR,,COUNTY,GEORGIA,13,NORTHWEST,10,OTHER (COMBINED) COUNTIES,,,,0,,CORN,"CORN, GRAIN - YIELD, MEASURED IN BU / ACRE",TOTAL,NOT SPECIFIED,96.8,
SURVEY,2012,YEAR,,COUNTY,GEORGIA,13,NORTHWEST,10,POLK,233,,,0,,CORN,"CORN, GRAIN - YIELD, MEASURED IN BU / ACRE",TOTAL,NOT SPECIFIED,83.8,
SURVEY,2012,YEAR,,COUNTY,GEORGIA,13,NORTHWEST,10,WHITFIELD,313,,,0,,CORN,"CORN, GRAIN - YIELD, MEASURED IN BU / ACRE",TOTAL,NOT SPECIFIED,89.1,
SURVEY,2012,YEAR,,COUNTY,GEORGIA,13,SOUTH CENTRAL,80,ATKINSON,3,,,0,,CORN,"CORN, GRAIN - YIELD, MEASURED IN BU / ACRE",TOTAL,NOT SPECIFIED,173.3,
SURVEY,2012,YEAR,,COUNTY,GEORGIA,13,SOUTH CENTRAL,80,BEN HILL,17,,,0,,CORN,"CORN, GRAIN - YIELD, MEASURED IN BU / ACRE",TOTAL,NOT SPECIFIED,185.9,
SURVEY,2012,YEAR,,COUNTY,GEORGIA,13,SOUTH CENTRAL,80,BERRIEN,19,,,0,,CORN,"CORN, GRAIN - YIELD, MEASURED IN BU / ACRE",TOTAL,NOT SPECIFIED,166.2,
SURVEY,2012,YEAR,,COUNTY,GEORGIA,13,SOUTH CENTRAL,80,BROOKS,27,,,0,,CORN,"CORN, GRAIN - YIELD, MEASURED IN BU / ACRE",TOTAL,NOT SPECIFIED,141.6,
SURVEY,2012,YEAR,,COUNTY,GEORGIA,13,SOUTH CENTRAL,80,COFFEE,69,,,0,,CORN,"CORN, GRAIN - YIELD, MEASURED IN BU / ACRE",TOTAL,NOT SPECIFIED,167.7,
SURVEY,2012,YEAR,,COUNTY,GEORGIA,13,SOUTH CENTRAL,80,COLQUITT,71,,,0,,CORN,"CORN, GRAIN - YIELD, MEASURED IN BU / ACRE",TOTAL,NOT SPECIFIED,165.5,
SURVEY,2012,YEAR,,COUNTY,GEORGIA,13,SOUTH CENTRAL,80,COOK,75,,,0,,CORN,"CORN, GRAIN - YIELD, MEASURED IN BU / ACRE",TOTAL,NOT SPECIFIED,137.9,
SURVEY,2012,YEAR,,COUNTY,GEORGIA,13,SOUTH CENTRAL,80,CRISP,81,,,0,,CORN,"CORN, GRAIN - YIELD, MEASURED IN BU / ACRE",TOTAL,NOT SPECIFIED,220,
SURVEY,2012,YEAR,,COUNTY,GEORGIA,13,SOUTH CENTRAL,80,DOOLY,93,,,0,,CORN,"CORN, GRAIN - YIELD, MEASURED IN BU / ACRE",TOTAL,NOT SPECIFIED,209.5,
SURVEY,2012,YEAR,,COUNTY,GEORGIA,13,SOUTH CENTRAL,80,ECHOLS,101,,,0,,CORN,"CORN, GRAIN - YIELD, MEASURED IN BU / ACRE",TOTAL,NOT SPECIFIED,205.7,
SURVEY,2012,YEAR,,COUNTY,GEORGIA,13,SOUTH CENTRAL,80,IRWIN,155,,,0,,CORN,"CORN, GRAIN - YIELD, MEASURED IN BU / ACRE",TOTAL,NOT SPECIFIED,184,
SURVEY,2012,YEAR,,COUNTY,GEORGIA,13,SOUTH CENTRAL,80,JEFF DAVIS,161,,,0,,CORN,"CORN, GRAIN - YIELD, MEASURED IN BU / ACRE",TOTAL,NOT SPECIFIED,139.6,
SURVEY,2012,YEAR,,COUNTY,GEORGIA,13,SOUTH CENTRAL,80,LOWNDES,185,,,0,,CORN,"CORN, GRAIN - YIELD, MEASURED IN BU / ACRE",TOTAL,NOT SPECIFIED,197.8,
SURVEY,2012,YEAR,,COUNTY,GEORGIA,13,SOUTH CENTRAL,80,OTHER (COMBINED) COUNTIES,,,,0,,CORN,"CORN, GRAIN - YIELD, MEASURED IN BU / ACRE",TOTAL,NOT SPECIFIED,138.9,
SURVEY,2012,YEAR,,COUNTY,GEORGIA,13,SOUTH CENTRAL,80,TELFAIR,271,,,0,,CORN,"CORN, GRAIN - YIELD, MEASURED IN BU / ACRE",TOTAL,NOT SPECIFIED,165.7,
SURVEY,2012,YEAR,,COUNTY,GEORGIA,13,SOUTH CENTRAL,80,TIFT,277,,,0,,CORN,"CORN, GRAIN - YIELD, MEASURED IN BU / ACRE",TOTAL,NOT SPECIFIED,181.3,
SURVEY,2012,YEAR,,COUNTY,GEORGIA,13,SOUTH CENTRAL,80,TURNER,287,,,0,,CORN,"CORN, GRAIN - YIELD, MEASURED IN BU / ACRE",TOTAL,NOT SPECIFIED,197.9,
SURVEY,2012,YEAR,,COUNTY,GEORGIA,13,SOUTH CENTRAL,80,WILCOX,315,,,0,,CORN,"CORN, GRAIN - YIELD, MEASURED IN BU / ACRE",TOTAL,NOT SPECIFIED,181.3,
SURVEY,2012,YEAR,,COUNTY,GEORGIA,13,SOUTH CENTRAL,80,WORTH,321,,,0,,CORN,"CORN, GRAIN - YIELD, MEASURED IN BU / ACRE",TOTAL,NOT SPECIFIED,202.2,
SURVEY,2012,YEAR,,COUNTY,GEORGIA,13,SOUTHEAST,90,APPLING,1,,,0,,CORN,"CORN, GRAIN - YIELD, MEASURED IN BU / ACRE",TOTAL,NOT SPECIFIED,125,
SURVEY,2012,YEAR,,COUNTY,GEORGIA,13,SOUTHEAST,90,BRANTLEY,25,,,0,,CORN,"CORN, GRAIN - YIELD, MEASURED IN BU / ACRE",TOTAL,NOT SPECIFIED,101.2,
SURVEY,2012,YEAR,,COUNTY,GEORGIA,13,SOUTHEAST,90,EVANS,109,,,0,,CORN,"CORN, GRAIN - YIELD, MEASURED IN BU / ACRE",TOTAL,NOT SPECIFIED,167.9,
SURVEY,2012,YEAR,,COUNTY,GEORGIA,13,SOUTHEAST,90,OTHER (COMBINED) COUNTIES,,,,0,,CORN,"CORN, GRAIN - YIELD, MEASURED IN BU / ACRE",TOTAL,NOT SPECIFIED,97.5,
SURVEY,2012,YEAR,,COUNTY,GEORGIA,13,SOUTHEAST,90,PIERCE,229,,,0,,CORN,"CORN, GRAIN - YIELD, MEASURED IN BU / ACRE",TOTAL,NOT SPECIFIED,164.8,
SURVEY,2012,YEAR,,COUNTY,GEORGIA,13,SOUTHEAST,90,TATTNALL,267,,,0,,CORN,"CORN, GRAIN - YIELD, MEASURED IN BU / ACRE",TOTAL,NOT SPECIFIED,177.3,
SURVEY,2012,YEAR,,COUNTY,GEORGIA,13,SOUTHEAST,90,TOOMBS,279,,,0,,CORN,"CORN, GRAIN - YIELD, MEASURED IN BU / ACRE",TOTAL,NOT SPECIFIED,199.7,
SURVEY,2012,YEAR,,COUNTY,GEORGIA,13,SOUTHEAST,90,WARE,299,,,0,,CORN,"CORN, GRAIN - YIELD, MEASURED IN BU / ACRE",TOTAL,NOT SPECIFIED,170.7,
SURVEY,2012,YEAR,,COUNTY,GEORGIA,13,SOUTHEAST,90,WAYNE,305,,,0,,CORN,"CORN, GRAIN - YIELD, MEASURED IN BU / ACRE",TOTAL,NOT SPECIFIED,177.7,
SURVEY,2012,YEAR,,COUNTY,GEORGIA,13,SOUTHWEST,70,BAKER,7,,,0,,CORN,"CORN, GRAIN - YIELD, MEASURED IN BU / ACRE",TOTAL,NOT SPECIFIED,218.4,
SURVEY,2012,YEAR,,COUNTY,GEORGIA,13,SOUTHWEST,70,CALHOUN,37,,,0,,CORN,"CORN, GRAIN - YIELD, MEASURED IN BU / ACRE",TOTAL,NOT SPECIFIED,225,
SURVEY,2012,YEAR,,COUNTY,GEORGIA,13,SOUTHWEST,70,CLAY,61,,,0,,CORN,"CORN, GRAIN - YIELD, MEASURED IN BU / ACRE",TOTAL,NOT SPECIFIED,195.4,
SURVEY,2012,YEAR,,COUNTY,GEORGIA,13,SOUTHWEST,70,DECATUR,87,,,0,,CORN,"CORN, GRAIN - YIELD, MEASURED IN BU / ACRE",TOTAL,NOT SPECIFIED,206.1,
SURVEY,2012,YEAR,,COUNTY,GEORGIA,13,SOUTHWEST,70,EARLY,99,,,0,,CORN,"CORN, GRAIN - YIELD, MEASURED IN BU / ACRE",TOTAL,NOT SPECIFIED,194.1,
SURVEY,2012,YEAR,,COUNTY,GEORGIA,13,SOUTHWEST,70,GRADY,131,,,0,,CORN,"CORN, GRAIN - YIELD, MEASURED IN BU / ACRE",TOTAL,NOT SPECIFIED,150.3,
SURVEY,2012,YEAR,,COUNTY,GEORGIA,13,SOUTHWEST,70,LEE,177,,,0,,CORN,"CORN, GRAIN - YIELD, MEASURED IN BU / ACRE",TOTAL,NOT SPECIFIED,211.3,
SURVEY,2012,YEAR,,COUNTY,GEORGIA,13,SOUTHWEST,70,MILLER,201,,,0,,CORN,"CORN, GRAIN - YIELD, MEASURED IN BU / ACRE",TOTAL,NOT SPECIFIED,212.8,
SURVEY,2012,YEAR,,COUNTY,GEORGIA,13,SOUTHWEST,70,MITCHELL,205,,,0,,CORN,"CORN, GRAIN - YIELD, MEASURED IN BU / ACRE",TOTAL,NOT SPECIFIED,197.9,
SURVEY,2012,YEAR,,COUNTY,GEORGIA,13,SOUTHWEST,70,OTHER (COMBINED) COUNTIES,,,,0,,CORN,"CORN, GRAIN - YIELD, MEASURED IN BU / ACRE",TOTAL,NOT SPECIFIED,157.7,
SURVEY,2012,YEAR,,COUNTY,GEORGIA,13,SOUTHWEST,70,RANDOLPH,243,,,0,,CORN,"CORN, GRAIN - YIELD, MEASURED IN BU / ACRE",TOTAL,NOT SPECIFIED,204,
SURVEY,2012,YEAR,,COUNTY,GEORGIA,13,SOUTHWEST,70,SEMINOLE,253,,,0,,CORN,"CORN, GRAIN - YIELD, MEASURED IN BU / ACRE",TOTAL,NOT SPECIFIED,212.1,
SURVEY,2012,YEAR,,COUNTY,GEORGIA,13,SOUTHWEST,70,SUMTER,261,,,0,,CORN,"CORN, GRAIN - YIELD, MEASURED IN BU / ACRE",TOTAL,NOT SPECIFIED,191.5,
SURVEY,2012,YEAR,,COUNTY,GEORGIA,13,SOUTHWEST,70,TERRELL,273,,,0,,CORN,"CORN, GRAIN - YIELD, MEASURED IN BU / ACRE",TOTAL,NOT SPECIFIED,171.8,
SURVEY,2012,YEAR,,COUNTY,GEORGIA,13,SOUTHWEST,70,WEBSTER,307,,,0,,CORN,"CORN, GRAIN - YIELD, MEASURED IN BU / ACRE",TOTAL,NOT SPECIFIED,82.2,
SURVEY,2012,YEAR,,COUNTY,GEORGIA,13,WEST CENTRAL,40,MACON,193,,,0,,CORN,"CORN, GRAIN - YIELD, MEASURED IN BU / ACRE",TOTAL,NOT SPECIFIED,182.9,
SURVEY,2012,YEAR,,COUNTY,GEORGIA,13,WEST CENTRAL,40,MARION,197,,,0,,CORN,"CORN, GRAIN - YIELD, MEASURED IN BU / ACRE",TOTAL,NOT SPECIFIED,156.7,
SURVEY,2012,YEAR,,COUNTY,GEORGIA,13,WEST CENTRAL,40,OTHER (COMBINED) COUNTIES,,,,0,,CORN,"CORN, GRAIN - YIELD, MEASURED IN BU / ACRE",TOTAL,NOT SPECIFIED,123,
SURVEY,2011,YEAR,,COUNTY,GEORGIA,13,CENTRAL,50,BLECKLEY,23,,,0,,CORN,"CORN, GRAIN - YIELD, MEASURED IN BU / ACRE",TOTAL,NOT SPECIFIED,132,
SURVEY,2011,YEAR,,COUNTY,GEORGIA,13,CENTRAL,50,DODGE,91,,,0,,CORN,"CORN, GRAIN - YIELD, MEASURED IN BU / ACRE",TOTAL,NOT SPECIFIED,172.2,
SURVEY,2011,YEAR,,COUNTY,GEORGIA,13,CENTRAL,50,HOUSTON,153,,,0,,CORN,"CORN, GRAIN - YIELD, MEASURED IN BU / ACRE",TOTAL,NOT SPECIFIED,148.1,
SURVEY,2011,YEAR,,COUNTY,GEORGIA,13,CENTRAL,50,OTHER (COMBINED) COUNTIES,,,,0,,CORN,"CORN, GRAIN - YIELD, MEASURED IN BU / ACRE",TOTAL,NOT SPECIFIED,143.4,
SURVEY,2011,YEAR,,COUNTY,GEORGIA,13,CENTRAL,50,WASHINGTON,303,,,0,,CORN,"CORN, GRAIN - YIELD, MEASURED IN BU / ACRE",TOTAL,NOT SPECIFIED,144.1,
SURVEY,2011,YEAR,,COUNTY,GEORGIA,13,EAST CENTRAL,60,BURKE,33,,,0,,CORN,"CORN, GRAIN - YIELD, MEASURED IN BU / ACRE",TOTAL,NOT SPECIFIED,191,
SURVEY,2011,YEAR,,COUNTY,GEORGIA,13,EAST CENTRAL,60,EFFINGHAM,103,,,0,,CORN,"CORN, GRAIN - YIELD, MEASURED IN BU / ACRE",TOTAL,NOT SPECIFIED,129.7,
SURVEY,2011,YEAR,,COUNTY,GEORGIA,13,EAST CENTRAL,60,EMANUEL,107,,,0,,CORN,"CORN, GRAIN - YIELD, MEASURED IN BU / ACRE",TOTAL,NOT SPECIFIED,105.7,
SURVEY,2011,YEAR,,COUNTY,GEORGIA,13,EAST CENTRAL,60,JEFFERSON,163,,,0,,CORN,"CORN, GRAIN - YIELD, MEASURED IN BU / ACRE",TOTAL,NOT SPECIFIED,214.3,
SURVEY,2011,YEAR,,COUNTY,GEORGIA,13,EAST CENTRAL,60,JENKINS,165,,,0,,CORN,"CORN, GRAIN - YIELD, MEASURED IN BU / ACRE",TOTAL,NOT SPECIFIED,169.7,
SURVEY,2011,YEAR,,COUNTY,GEORGIA,13,EAST CENTRAL,60,OTHER (COMBINED) COUNTIES,,,,0,,CORN,"CORN, GRAIN - YIELD, MEASURED IN BU / ACRE",TOTAL,NOT SPECIFIED,74.4,
SURVEY,2011,YEAR,,COUNTY,GEORGIA,13,EAST CENTRAL,60,SCREVEN,251,,,0,,CORN,"CORN, GRAIN - YIELD, MEASURED IN BU / ACRE",TOTAL,NOT SPECIFIED,151.7,
SURVEY,2011,YEAR,,COUNTY,GEORGIA,13,NORTH CENTRAL,20,OTHER (COMBINED) COUNTIES,,,,0,,CORN,"CORN, GRAIN - YIELD, MEASURED IN BU / ACRE",TOTAL,NOT SPECIFIED,100.4,
SURVEY,2011,YEAR,,COUNTY,GEORGIA,13,NORTH CENTRAL,20,UNION,291,,,0,,CORN,"CORN, GRAIN - YIELD, MEASURED IN BU / ACRE",TOTAL,NOT SPECIFIED,117.8,
SURVEY,2011,YEAR,,COUNTY,GEORGIA,13,NORTHEAST,30,OTHER (COMBINED) COUNTIES,,,,0,,CORN,"CORN, GRAIN - YIELD, MEASURED IN BU / ACRE",TOTAL,NOT SPECIFIED,106.6,
SURVEY,2011,YEAR,,COUNTY,GEORGIA,13,NORTHWEST,10,CHATTOOGA,55,,,0,,CORN,"CORN, GRAIN - YIELD, MEASURED IN BU / ACRE",TOTAL,NOT SPECIFIED,69.3,
SURVEY,2011,YEAR,,COUNTY,GEORGIA,13,NORTHWEST,10,FLOYD,115,,,0,,CORN,"CORN, GRAIN - YIELD, MEASURED IN BU / ACRE",TOTAL,NOT SPECIFIED,130.7,
SURVEY,2011,YEAR,,COUNTY,GEORGIA,13,NORTHWEST,10,GORDON,129,,,0,,CORN,"CORN, GRAIN - YIELD, MEASURED IN BU / ACRE",TOTAL,NOT SPECIFIED,115.1,
SURVEY,2011,YEAR,,COUNTY,GEORGIA,13,NORTHWEST,10,OTHER (COMBINED) COUNTIES,,,,0,,CORN,"CORN, GRAIN - YIELD, MEASURED IN BU / ACRE",TOTAL,NOT SPECIFIED,108.6,
SURVEY,2011,YEAR,,COUNTY,GEORGIA,13,SOUTH CENTRAL,80,BERRIEN,19,,,0,,CORN,"CORN, GRAIN - YIELD, MEASURED IN BU / ACRE",TOTAL,NOT SPECIFIED,128.5,
SURVEY,2011,YEAR,,COUNTY,GEORGIA,13,SOUTH CENTRAL,80,BROOKS,27,,,0,,CORN,"CORN, GRAIN - YIELD, MEASURED IN BU / ACRE",TOTAL,NOT SPECIFIED,140.8,
SURVEY,2011,YEAR,,COUNTY,GEORGIA,13,SOUTH CENTRAL,80,CLINCH,65,,,0,,CORN,"CORN, GRAIN - YIELD, MEASURED IN BU / ACRE",TOTAL,NOT SPECIFIED,28,
SURVEY,2011,YEAR,,COUNTY,GEORGIA,13,SOUTH CENTRAL,80,COFFEE,69,,,0,,CORN,"CORN, GRAIN - YIELD, MEASURED IN BU / ACRE",TOTAL,NOT SPECIFIED,114.3,
SURVEY,2011,YEAR,,COUNTY,GEORGIA,13,SOUTH CENTRAL,80,COOK,75,,,0,,CORN,"CORN, GRAIN - YIELD, MEASURED IN BU / ACRE",TOTAL,NOT SPECIFIED,68.1,
SURVEY,2011,YEAR,,COUNTY,GEORGIA,13,SOUTH CENTRAL,80,DOOLY,93,,,0,,CORN,"CORN, GRAIN - YIELD, MEASURED IN BU / ACRE",TOTAL,NOT SPECIFIED,192.8,
SURVEY,2011,YEAR,,COUNTY,GEORGIA,13,SOUTH CENTRAL,80,LANIER,173,,,0,,CORN,"CORN, GRAIN - YIELD, MEASURED IN BU / ACRE",TOTAL,NOT SPECIFIED,80.9,
SURVEY,2011,YEAR,,COUNTY,GEORGIA,13,SOUTH CENTRAL,80,OTHER (COMBINED) COUNTIES,,,,0,,CORN,"CORN, GRAIN - YIELD, MEASURED IN BU / ACRE",TOTAL,NOT SPECIFIED,145.9,
SURVEY,2011,YEAR,,COUNTY,GEORGIA,13,SOUTH CENTRAL,80,WORTH,321,,,0,,CORN,"CORN, GRAIN - YIELD, MEASURED IN BU / ACRE",TOTAL,NOT SPECIFIED,164,
SURVEY,2011,YEAR,,COUNTY,GEORGIA,13,SOUTHEAST,90,EVANS,109,,,0,,CORN,"CORN, GRAIN - YIELD, MEASURED IN BU / ACRE",TOTAL,NOT SPECIFIED,111.3,
SURVEY,2011,YEAR,,COUNTY,GEORGIA,13,SOUTHEAST,90,LONG,183,,,0,,CORN,"CORN, GRAIN - YIELD, MEASURED IN BU / ACRE",TOTAL,NOT SPECIFIED,28.2,
SURVEY,2011,YEAR,,COUNTY,GEORGIA,13,SOUTHEAST,90,OTHER (COMBINED) COUNTIES,,,,0,,CORN,"CORN, GRAIN - YIELD, MEASURED IN BU / ACRE",TOTAL,NOT SPECIFIED,61,
SURVEY,2011,YEAR,,COUNTY,GEORGIA,13,SOUTHEAST,90,PIERCE,229,,,0,,CORN,"CORN, GRAIN - YIELD, MEASURED IN BU / ACRE",TOTAL,NOT SPECIFIED,162.1,
SURVEY,2011,YEAR,,COUNTY,GEORGIA,13,SOUTHEAST,90,TATTNALL,267,,,0,,CORN,"CORN, GRAIN - YIELD, MEASURED IN BU / ACRE",TOTAL,NOT SPECIFIED,168.9,
SURVEY,2011,YEAR,,COUNTY,GEORGIA,13,SOUTHEAST,90,TOOMBS,279,,,0,,CORN,"CORN, GRAIN - YIELD, MEASURED IN BU / ACRE",TOTAL,NOT SPECIFIED,210,
SURVEY,2011,YEAR,,COUNTY,GEORGIA,13,SOUTHEAST,90,WARE,299,,,0,,CORN,"CORN, GRAIN - YIELD, MEASURED IN BU / ACRE",TOTAL,NOT SPECIFIED,97.1,
SURVEY,2011,YEAR,,COUNTY,GEORGIA,13,SOUTHEAST,90,WAYNE,305,,,0,,CORN,"CORN, GRAIN - YIELD, MEASURED IN BU / ACRE",TOTAL,NOT SPECIFIED,96.5,
SURVEY,2011,YEAR,,COUNTY,GEORGIA,13,SOUTHWEST,70,BAKER,7,,,0,,CORN,"CORN, GRAIN - YIELD, MEASURED IN BU / ACRE",TOTAL,NOT SPECIFIED,231.3,
SURVEY,2011,YEAR,,COUNTY,GEORGIA,13,SOUTHWEST,70,CALHOUN,37,,,0,,CORN,"CORN, GRAIN - YIELD, MEASURED IN BU / ACRE",TOTAL,NOT SPECIFIED,236.6,
SURVEY,2011,YEAR,,COUNTY,GEORGIA,13,SOUTHWEST,70,GRADY,131,,,0,,CORN,"CORN, GRAIN - YIELD, MEASURED IN BU / ACRE",TOTAL,NOT SPECIFIED,110.3,
SURVEY,2011,YEAR,,COUNTY,GEORGIA,13,SOUTHWEST,70,MILLER,201,,,0,,CORN,"CORN, GRAIN - YIELD, MEASURED IN BU / ACRE",TOTAL,NOT SPECIFIED,213.8,
SURVEY,2011,YEAR,,COUNTY,GEORGIA,13,SOUTHWEST,70,OTHER (COMBINED) COUNTIES,,,,0,,CORN,"CORN, GRAIN - YIELD, MEASURED IN BU / ACRE",TOTAL,NOT SPECIFIED,175.1,
SURVEY,2011,YEAR,,COUNTY,GEORGIA,13,SOUTHWEST,70,RANDOLPH,243,,,0,,CORN,"CORN, GRAIN - YIELD, MEASURED IN BU / ACRE",TOTAL,NOT SPECIFIED,181.2,
SURVEY,2011,YEAR,,COUNTY,GEORGIA,13,SOUTHWEST,70,SEMINOLE,253,,,0,,CORN,"CORN, GRAIN - YIELD, MEASURED IN BU / ACRE",TOTAL,NOT SPECIFIED,229.9,
SURVEY,2011,YEAR,,COUNTY,GEORGIA,13,SOUTHWEST,70,SUMTER,261,,,0,,CORN,"CORN, GRAIN - YIELD, MEASURED IN BU / ACRE",TOTAL,NOT SPECIFIED,168.8,
SURVEY,2011,YEAR,,COUNTY,GEORGIA,13,SOUTHWEST,70,THOMAS,275,,,0,,CORN,"CORN, GRAIN - YIELD, MEASURED IN BU / ACRE",TOTAL,NOT SPECIFIED,30.1,
SURVEY,2011,YEAR,,COUNTY,GEORGIA,13,WEST CENTRAL,40,MARION,197,,,0,,CORN,"CORN, GRAIN - YIELD, MEASURED IN BU / ACRE",TOTAL,NOT SPECIFIED,81,
SURVEY,2011,YEAR,,COUNTY,GEORGIA,13,WEST CENTRAL,40,OTHER (COMBINED) COUNTIES,,,,0,,CORN,"CORN, GRAIN - YIELD, MEASURED IN BU / ACRE",TOTAL,NOT SPECIFIED,88.5,
SURVEY,2011,YEAR,,COUNTY,GEORGIA,13,WEST CENTRAL,40,TAYLOR,269,,,0,,CORN,"CORN, GRAIN - YIELD, MEASURED IN BU / ACRE",TOTAL,NOT SPECIFIED,80.2,
